name,node_id,osm_node_id,osm_highway,zone_id,ctrl_type,node_type,activity_type,is_boundary,x_coord,y_coord,main_node_id,poi_id,notes
,0,173652242,,,,,residential,1,-109.737644,34.355858,,,
,1,173656109,,,,,residential,0,-109.7869698,34.3412929,,,
,2,173656111,,,,,residential,0,-109.787003,34.3431201,,,
,3,173656276,,,,,residential,0,-109.7884891,34.3412585,,,
,4,173656278,,,,,residential,1,-109.786218,34.3412815,,,
,5,173656280,,,,,tertiary,0,-109.7782179,34.3413417,,,
,6,173657783,,,,,residential,0,-109.8439838,34.345125,,,
,7,173683123,,,,,residential,1,-109.788403,34.301335,,,
,8,173683125,,,,,primary,0,-109.7883991,34.3014166,,,
,9,173683868,,,,,residential,0,-109.7860822,34.2561989,,,
,10,173683870,,,,,tertiary,0,-109.7857884,34.2578596,,,
,11,173694640,,,,,primary,0,-109.7277667,34.2700626,,,
,12,173694676,,,,,residential,1,-109.71528,34.278451,,,
,13,173712323,,,,,primary,0,-109.7499777,34.272105,,,
,14,173712329,,,,,residential,1,-109.7494802,34.2747706,,,
,15,173717788,,,,,residential,0,-109.737858,34.251763,,,
,16,173717793,,,,,residential,0,-109.736809,34.250847,,,
,17,173717802,,,,,residential,0,-109.735679,34.25181,,,
,18,173719128,,,,,primary,0,-109.8049838,34.2925765,,,
,19,173741847,,,,,residential,0,-109.7548099,34.3249931,,,
,20,173741853,,,,,residential,0,-109.7517687,34.3273542,,,
,21,173741878,,,,,residential,0,-109.7545982,34.324797,,,
,22,173741938,,,,,residential,0,-109.8099206,34.272382,,,
,23,173741945,,,,,residential,1,-109.8154122,34.2731541,,,
,24,173742026,,,,,primary,0,-109.82267,34.2855395,,,
,25,173751262,,,,,residential,1,-109.788449,34.33761,,,
,26,173751265,,,,,residential,0,-109.7884199,34.3394442,,,
,27,173751547,,,,,residential,0,-109.795765,34.3376318,,,
,28,173751552,,,,,residential,1,-109.7872068,34.3373469,,,
,29,173751554,,,,,residential,0,-109.7870902,34.3369759,,,
,30,173751559,,,,,residential,0,-109.7869863,34.3351558,,,
,31,173751564,,,,,residential,0,-109.7870656,34.3304289,,,
,32,173761622,,,,,tertiary,0,-109.7438702,34.340007,,,
,33,173774329,,,,,residential,1,-109.791536,34.264126,,,
,34,173792937,,,,,residential,1,-109.77811,34.223086,,,
,35,173792939,,,,,residential,0,-109.768162,34.222761,,,
,36,173824166,,,,,primary,0,-109.7683786,34.2741662,,,
,37,173824172,,,,,residential,1,-109.7686529,34.27243,,,
,38,173824183,,,,,residential,0,-109.7616509,34.2724052,,,
,39,173824186,,,,,residential,0,-109.7616555,34.2731058,,,
,40,173834105,,,,,tertiary,0,-109.7606541,34.3425137,,,
,41,173841197,,,,,residential,0,-109.7383863,34.3225503,,,
,42,173841206,,,,,residential,0,-109.7351333,34.3226415,,,
,43,173841216,,,,,residential,0,-109.7277581,34.3228172,,,
,44,173841230,,,,,residential,0,-109.7278408,34.3300331,,,
,45,173853319,,,,,tertiary,0,-109.8209453,34.2411893,,,
,46,173874892,,,,,primary,0,-109.8137542,34.2899737,,,
,47,173874899,,,,,residential,0,-109.8137952,34.2831541,,,
,48,173874945,,,,,residential,1,-109.74343,34.255487,,,
,49,173874956,,,,,residential,0,-109.7413044,34.2571606,,,
,50,173874987,,,,,residential,1,-109.803578,34.288736,,,
,51,173875072,,,,,tertiary,0,-109.8380552,34.2273166,,,
,52,173877778,,,,,residential,0,-109.8209747,34.235667,,,
,53,173890580,,,,,residential,0,-109.760843,34.2865558,,,
,54,173890584,,,,,primary,0,-109.7540912,34.2725728,,,
,55,173890590,,,,,residential,1,-109.8477484,34.3123935,,,
,56,173897096,,,,,tertiary,0,-109.7781978,34.3351807,,,
,57,173897476,,,,,residential,0,-109.7935484,34.3303639,,,
,58,173897478,,,,,residential,0,-109.7935738,34.3324091,,,
,59,173905679,,,,,residential,0,-109.758531,34.294321,,,
,60,173905681,,,,,residential,1,-109.757478,34.29443,,,
,61,173914048,,,,,residential,0,-109.804826,34.295928,,,
,62,173914053,,,,,residential,0,-109.804742,34.299547,,,
,63,173920332,,,,,tertiary,0,-109.7125578,34.2572966,,,
,64,173937886,,,,,residential,1,-109.7960736,34.2868753,,,
,65,173937897,,,,,residential,0,-109.793868,34.2905353,,,
,66,173937900,,,,,residential,1,-109.7894541,34.2931857,,,
,67,173942136,,,,,residential,1,-109.803369,34.222236,,,
,68,173942154,,,,,residential,0,-109.799812,34.223999,,,
,69,173942712,,,,,tertiary,0,-109.836768,34.2287762,,,
,70,173951520,,,,,residential,1,-109.759447,34.233647,,,
,71,173951522,,,,,residential,0,-109.759482,34.233199,,,
,72,173959057,,,,,tertiary,0,-109.7781406,34.3322661,,,
,73,173959061,,,,,residential,1,-109.7798611,34.3322715,,,
,74,173973547,,,,,residential,0,-109.750254,34.286433,,,
,75,173973548,,,,,residential,0,-109.750268,34.287235,,,
,76,173975798,,,,,residential,0,-109.7724471,34.2797237,,,
,77,173980830,,,,,tertiary,0,-109.7616976,34.3522907,,,
,78,173980832,,,,,tertiary,0,-109.7616966,34.3541057,,,
,79,173980956,,,,,residential,0,-109.740064,34.251762,,,
,80,173980973,,,,,residential,0,-109.739981,34.250043,,,
,81,173980979,,,,,residential,1,-109.740606,34.249426,,,
,82,173981067,,,,,residential,0,-109.721046,34.22916,,,
,83,173981073,,,,,residential,1,-109.720256,34.232906,,,
,84,173997601,,,,,residential,1,-109.749485,34.315465,,,
,85,174010010,,,,,primary,0,-109.8313119,34.2869111,,,
,86,174010355,,,,,residential,0,-109.7530066,34.300989,,,
,87,174010356,,,,,residential,0,-109.7529626,34.3009892,,,
,88,174022443,,,,,residential,1,-109.8397081,34.2802908,,,
,89,174022682,,,,,tertiary,0,-109.720474,34.2573874,,,
,90,174022684,,,,,residential,1,-109.7201956,34.2581519,,,
,91,174029554,,,,,residential,0,-109.758393,34.288253,,,
,92,174029555,,,,,residential,1,-109.758395,34.288056,,,
,93,174029618,,,,,residential,0,-109.758751,34.29003,,,
,94,174029620,,,,,residential,1,-109.758783,34.289762,,,
,95,174029711,,,,,residential,1,-109.751363,34.3437185,,,
,96,174038401,,,,,residential,0,-109.716568,34.22968,,,
,97,174038405,,,,,residential,1,-109.717307,34.232479,,,
,98,174038494,,,,,residential,0,-109.725354,34.229092,,,
,99,174038498,,,,,residential,1,-109.725896,34.229919,,,
,100,174038536,,,,,residential,0,-109.708475,34.228373,,,
,101,174038542,,,,,residential,0,-109.709524,34.229976,,,
,102,174038552,,,,,residential,1,-109.711298,34.230346,,,
,103,174038574,,,,,residential,1,-109.702493,34.237627,,,
,104,174040577,,,,,tertiary,0,-109.7891862,34.25792,,,
,105,174040579,,,,,residential,1,-109.7891788,34.2552455,,,
,106,174051157,,,,,residential,0,-109.7884025,34.2805263,,,
,107,174051173,,,,,residential,0,-109.7947665,34.2823196,,,
,108,174051315,,,,,residential,1,-109.7966813,34.2799423,,,
,109,174051448,,,,,residential,0,-109.7783835,34.2721629,,,
,110,174051450,,,,,residential,0,-109.7808413,34.2721978,,,
,111,174058855,,,,,tertiary,0,-109.726507,34.2575879,,,
,112,174067642,,,,,residential,1,-109.7869867,34.3449499,,,
,113,174067649,,,,,residential,1,-109.7799302,34.3449214,,,
,114,174067653,,,,,residential,0,-109.779888,34.3431345,,,
,115,174073385,,,,,residential,1,-109.7560958,34.3263204,,,
,116,174095420,,,,,residential,0,-109.7347357,34.2719544,,,
,117,174095694,,,,,residential,0,-109.728054,34.281014,,,
,118,174108788,,,,,residential,0,-109.7546284,34.2900009,,,
,119,174108822,,,,,residential,0,-109.7538519,34.2985566,,,
,120,174111637,,,,,residential,0,-109.7898511,34.2784138,,,
,121,174111645,,,,,residential,0,-109.7944775,34.2794611,,,
,122,174111800,,,,,primary,0,-109.790177,34.276619,,,
,123,174111802,,,,,residential,0,-109.7898939,34.2780878,,,
,124,174111877,,,,,residential,0,-109.7815087,34.26676,,,
,125,174111938,,,,,residential,0,-109.7791548,34.2649363,,,
,126,174111940,,,,,residential,0,-109.7815773,34.2649743,,,
,127,174144396,,,,,tertiary,0,-109.8143178,34.2475179,,,
,128,174144828,,,,,residential,0,-109.7367516,34.3185682,,,
,129,174149015,,,,,residential,1,-109.730974,34.224039,,,
,130,174149026,,,,,residential,0,-109.7262055,34.228665,,,
,131,174154597,,,,,residential,0,-109.7447727,34.3213233,,,
,132,174172944,,,,,primary,0,-109.7383666,34.2708049,,,
,133,174172947,,,,,residential,1,-109.7384,34.26902,,,
,134,174181496,,,,,residential,0,-109.745087,34.293627,,,
,135,174181500,,,,,residential,0,-109.747239,34.293649,,,
,136,174181503,,,,,residential,0,-109.749419,34.293671,,,
,137,174181654,,,,,residential,0,-109.74729,34.288381,,,
,138,174181656,,,,,residential,0,-109.745109,34.287604,,,
,139,174189176,,,,,residential,1,-109.7898922,34.2411349,,,
,140,174193273,,,,,primary,1,-109.7154353,34.354362,,,
,141,174205345,,,,,residential,0,-109.7279259,34.2864505,,,
,142,174205351,,,,,residential,1,-109.7191906,34.2869184,,,
,143,174205353,,,,,residential,1,-109.726372,34.288353,,,
,144,174205354,,,,,residential,0,-109.736715,34.2773,,,
,145,174205356,,,,,residential,1,-109.733983,34.277524,,,
,146,174218434,,,,,residential,0,-109.735461,34.353431,,,
,147,174218437,,,,,residential,0,-109.735407,34.355263,,,
,148,174218440,,,,,residential,0,-109.73538,34.357096,,,
,149,174218536,,,,,residential,1,-109.7321041,34.3571654,,,
,150,174222841,,,,,residential,0,-109.733266,34.280957,,,
,151,174222842,,,,,residential,1,-109.731883,34.28029,,,
,152,174222859,,,,,residential,0,-109.729691,34.280996,,,
,153,174222872,,,,,residential,1,-109.729943,34.280597,,,
,154,174225213,,,,,residential,0,-109.7521615,34.3300735,,,
,155,174240982,,,,,tertiary,0,-109.8308377,34.3450698,,,
,156,174260050,,,,,residential,0,-109.73681,34.251763,,,
,157,174267440,,,,,residential,0,-109.7321579,34.3553575,,,
,158,174311769,,,,,residential,1,-109.7278437,34.3554177,,,
,159,174311772,,,,,residential,1,-109.7278809,34.3536383,,,
,160,174356305,,,,,residential,0,-109.7869428,34.3212915,,,
,161,174362268,,,,,tertiary,0,-109.8035135,34.2525552,,,
,162,174368854,,,,,tertiary,0,-109.7366831,34.3468371,,,
,163,174368925,,,,,tertiary,0,-109.7457196,34.3416899,,,
,164,174380404,,,,,residential,0,-109.8325256,34.3533606,,,
,165,174384534,,,,,tertiary,0,-109.74264,34.351596,,,
,166,174384537,,,,,tertiary,0,-109.7426293,34.351926,,,
,167,174393788,,,,,residential,0,-109.744108,34.275373,,,
,168,174393794,,,,,residential,0,-109.736742,34.275468,,,
,169,174401227,,,,,primary,0,-109.7604655,34.3207933,,,
,170,174401233,,,,,residential,0,-109.7605203,34.3210465,,,
,171,174402518,,,,,residential,0,-109.7586309,34.351051,,,
,172,174402520,,,,,residential,0,-109.7595338,34.3485969,,,
,173,174412986,,,,,residential,0,-109.7536697,34.3447195,,,
,174,174412989,,,,,residential,0,-109.7536589,34.3465266,,,
,175,174427379,,,,,residential,0,-109.775242,34.228345,,,
,176,174427419,,,,,residential,0,-109.7682546,34.2321362,,,
,177,174431741,,,,,tertiary,0,-109.7646989,34.3186807,,,
,178,174439537,,,,,tertiary,0,-109.7753624,34.3449418,,,
,179,174439543,,,,,tertiary,0,-109.7782116,34.3431213,,,
,180,174456301,,,,,residential,1,-109.778499,34.259039,,,
,181,174456304,,,,,tertiary,0,-109.77847,34.258956,,,
,182,174460560,,,,,residential,0,-109.7545778,34.2935988,,,
,183,174460570,,,,,residential,1,-109.758823,34.294772,,,
,184,174461727,,,,,residential,0,-109.7872729,34.2867241,,,
,185,174461781,,,,,primary,0,-109.7440246,34.2714435,,,
,186,174461784,,,,,residential,0,-109.7439875,34.2717573,,,
,187,174461788,,,,,residential,0,-109.744079,34.273564,,,
,188,174461790,,,,,residential,0,-109.744054,34.277206,,,
,189,174461792,,,,,residential,0,-109.744055,34.279015,,,
,190,174461794,,,,,residential,0,-109.744029,34.280847,,,
,191,174461796,,,,,residential,0,-109.744002,34.28268,,,
,192,174461799,,,,,residential,0,-109.744003,34.284512,,,
,193,174461807,,,,,residential,0,-109.7439363,34.2862737,,,
,194,174461821,,,,,residential,1,-109.7561856,34.3500627,,,
,195,174467352,,,,,residential,0,-109.7957793,34.3324869,,,
,196,174467358,,,,,residential,1,-109.7957231,34.3412145,,,
,197,174470024,,,,,residential,0,-109.737674,34.3518954,,,
,198,174470850,,,,,residential,0,-109.745008,34.300841,,,
,199,174470853,,,,,residential,0,-109.747216,34.300863,,,
,200,174470859,,,,,residential,0,-109.7506872,34.3009478,,,
,201,174471349,,,,,residential,0,-109.736689,34.279087,,,
,202,174471354,,,,,residential,0,-109.728136,34.279296,,,
,203,174471924,,,,,residential,1,-109.797993,34.222075,,,
,204,174472076,,,,,tertiary,0,-109.8310258,34.3341955,,,
,205,174472079,,,,,residential,1,-109.8321716,34.3342051,,,
,206,174480048,,,,,tertiary,0,-109.740956,34.3373844,,,
,207,174480052,,,,,tertiary,0,-109.7424258,34.3386956,,,
,208,174480069,,,,,tertiary,0,-109.7520067,34.3421682,,,
,209,174480073,,,,,tertiary,0,-109.753778,34.3422236,,,
,210,174480076,,,,,tertiary,0,-109.7578217,34.3424074,,,
,211,174480257,,,,,primary,0,-109.7951809,34.2776107,,,
,212,174481145,,,,,residential,0,-109.7790775,34.2762428,,,
,213,174481313,,,,,residential,0,-109.7791113,34.2686015,,,
,214,174481317,,,,,residential,0,-109.7753116,34.2685786,,,
,215,174481318,,,,,residential,1,-109.7738496,34.2685599,,,
,216,174481404,,,,,primary,0,-109.7367937,34.2706252,,,
,217,174481407,,,,,residential,0,-109.7366446,34.2718838,,,
,218,174481409,,,,,residential,0,-109.736741,34.273613,,,
,219,174481411,,,,,residential,0,-109.73669,34.280919,,,
,220,174481414,,,,,residential,0,-109.736663,34.282752,,,
,221,174481416,,,,,residential,0,-109.736636,34.284584,,,
,222,174481418,,,,,residential,0,-109.7365838,34.2863741,,,
,223,174481479,,,,,residential,0,-109.7746197,34.2721282,,,
,224,174488502,,,,,residential,0,-109.7777149,34.2760782,,,
,225,174488512,,,,,residential,0,-109.7526778,34.2754964,,,
,226,174488531,,,,,residential,0,-109.7793236,34.2774069,,,
,227,174489109,,,,,residential,1,-109.7579791,34.3414987,,,
,228,174489499,,,,,residential,1,-109.7412245,34.3412107,,,
,229,174489513,,,,,tertiary,0,-109.7367326,34.3416506,,,
,230,174489565,,,,,primary,0,-109.7392072,34.3358961,,,
,231,174489568,,,,,tertiary,0,-109.7394629,34.3360978,,,
,232,174490904,,,,,residential,0,-109.811192,34.29957,,,
,233,174490911,,,,,residential,0,-109.7959358,34.2994854,,,
,234,174490917,,,,,primary,0,-109.795829,34.297439,,,
,235,174491915,,,,,residential,0,-109.7547189,34.2864977,,,
,236,174491924,,,,,residential,0,-109.7449911,34.2863795,,,
,237,174492167,,,,,residential,0,-109.8156515,34.2924377,,,
,238,174492173,,,,,residential,0,-109.8213446,34.2914898,,,
,239,174492183,,,,,tertiary,0,-109.8295695,34.290014,,,
,240,174493014,,,,,tertiary,0,-109.7360328,34.3450157,,,
,241,174493067,,,,,residential,0,-109.7521462,34.3310765,,,
,242,174493078,,,,,residential,0,-109.7459234,34.3360201,,,
,243,174493698,,,,,tertiary,0,-109.760606,34.355947,,,
,244,174493700,,,,,residential,0,-109.7694445,34.3559593,,,
,245,174493702,,,,,residential,0,-109.778077,34.3559851,,,
,246,174493711,,,,,residential,1,-109.8350978,34.3568677,,,
,247,174493720,,,,,residential,0,-109.7716186,34.2867628,,,
,248,174493721,,,,,residential,0,-109.7780452,34.286763,,,
,249,174494948,,,,,primary,0,-109.7426452,34.3332549,,,
,250,174494986,,,,,primary,0,-109.7659983,34.3168613,,,
,251,174495005,,,,,primary,0,-109.7735468,34.3093265,,,
,252,174495008,,,,,primary,0,-109.780303,34.3057275,,,
,253,174495035,,,,,primary,0,-109.8156217,34.2896652,,,
,254,174495037,,,,,primary,0,-109.828806,34.287362,,,
,255,174495041,,,,,primary,0,-109.8377565,34.2858123,,,
,256,174495485,,,,,primary,0,-109.7365114,34.3380267,,,
,257,174496420,,,,,residential,0,-109.8113274,34.2959576,,,
,258,174496887,,,,,tertiary,0,-109.7606327,34.3441437,,,
,259,174496890,,,,,tertiary,0,-109.76064,34.34493,,,
,260,174496893,,,,,tertiary,0,-109.7606264,34.3468264,,,
,261,174496901,,,,,tertiary,0,-109.7607338,34.3486764,,,
,262,174496910,,,,,tertiary,0,-109.760663,34.354115,,,
,263,174496914,,,,,tertiary,0,-109.7605695,34.3568409,,,
,264,174497580,,,,,tertiary,0,-109.7451921,34.2618067,,,
,265,174497592,,,,,tertiary,0,-109.752487,34.260543,,,
,266,174497641,,,,,tertiary,0,-109.7749781,34.2602084,,,
,267,174497660,,,,,tertiary,0,-109.8488981,34.2230066,,,
,268,174497751,,,,,tertiary,0,-109.7909241,34.2579609,,,
,269,174497759,,,,,tertiary,0,-109.7789402,34.258843,,,
,270,174497896,,,,,tertiary,0,-109.741319,34.2575054,,,
,271,174499576,,,,,primary,0,-109.7780257,34.275253,,,
,272,174499583,,,,,secondary,0,-109.777927,34.2793629,,,
,273,174499586,,,,,secondary,0,-109.7779927,34.2822016,,,
,274,174499629,,,,,secondary,0,-109.7739257,34.3083392,,,
,275,174500447,,,,,residential,0,-109.815606,34.2955393,,,
,276,174500456,,,,,tertiary,0,-109.769438,34.3504539,,,
,277,174500462,,,,,tertiary,0,-109.7368526,34.3471112,,,
,278,174500473,,,,,tertiary,0,-109.7424657,34.3504229,,,
,279,174501517,,,,,tertiary,0,-109.7447509,34.352548,,,
,280,174501525,,,,,tertiary,0,-109.7447708,34.3569102,,,
,281,174502731,,,,,residential,0,-109.760869,34.288291,,,
,282,174502734,,,,,residential,0,-109.760951,34.290055,,,
,283,174502738,,,,,residential,0,-109.7609211,34.2918716,,,
,284,174502745,,,,,residential,1,-109.761023,34.29779,,,
,285,174507261,,,,,residential,0,-109.749121,34.3510253,,,
,286,174507265,,,,,tertiary,0,-109.7490358,34.3570065,,,
,287,174508752,,,,,tertiary,0,-109.769422,34.34498,,,
,288,174508754,,,,,tertiary,0,-109.7694364,34.3468042,,,
,289,174508756,,,,,tertiary,0,-109.7694186,34.3486392,,,
,290,174508758,,,,,tertiary,0,-109.7694334,34.3522974,,,
,291,174508760,,,,,tertiary,0,-109.769444,34.3541042,,,
,292,174510658,,,,,residential,0,-109.728055,34.282823,,,
,293,174510665,,,,,residential,0,-109.728055,34.284678,,,
,294,174515705,,,,,residential,0,-109.7781053,34.3540704,,,
,295,174517500,,,,,residential,0,-109.7506522,34.3445877,,,
,296,174517510,,,,,residential,0,-109.7506119,34.3463848,,,
,297,174518124,,,,,residential,0,-109.7443892,34.3347089,,,
,298,174518152,,,,,tertiary,0,-109.7469374,34.3569316,,,
,299,174518155,,,,,residential,0,-109.7469241,34.3510153,,,
,300,174518165,,,,,residential,1,-109.7448422,34.348194,,,
,301,174518897,,,,,residential,0,-109.7527792,34.3381818,,,
,302,174518932,,,,,residential,0,-109.7428565,34.3334564,,,
,303,174518936,,,,,residential,0,-109.7473396,34.3373756,,,
,304,174518946,,,,,residential,0,-109.7496356,34.3380489,,,
,305,174519008,,,,,residential,0,-109.7457055,34.3386343,,,
,306,174519026,,,,,residential,0,-109.7563519,34.3383501,,,
,307,174519031,,,,,residential,0,-109.754646,34.3382526,,,
,308,174519200,,,,,residential,0,-109.7521247,34.3336192,,,
,309,174519397,,,,,residential,1,-109.7538289,34.3415816,,,
,310,174519740,,,,,residential,1,-109.74499,34.3443209,,,
,311,174519743,,,,,residential,0,-109.7482838,34.344498,,,
,312,174520974,,,,,residential,1,-109.7959293,34.2965226,,,
,313,174521346,,,,,tertiary,0,-109.7615195,34.3486761,,,
,314,174521359,,,,,residential,0,-109.7536669,34.3483721,,,
,315,174521472,,,,,residential,0,-109.8221379,34.2948507,,,
,316,174522901,,,,,residential,1,-109.7781093,34.352245,,,
,317,174523603,,,,,residential,0,-109.7846267,34.3024306,,,
,318,174523609,,,,,residential,0,-109.7805927,34.301978,,,
,319,174523624,,,,,residential,0,-109.7797423,34.3050641,,,
,320,174523763,,,,,residential,0,-109.78146,34.304116,,,
,321,174524404,turning_circle,,,,residential,1,-109.7859533,34.3018219,,,
,322,174524997,,,,,residential,0,-109.75364,34.3501312,,,
,323,174525185,,,,,tertiary,0,-109.7686093,34.3304668,,,
,324,174525190,,,,,tertiary,0,-109.778208,34.330508,,,
,325,174527672,,,,,residential,0,-109.72456,34.249721,,,
,326,174527974,,,,,tertiary,0,-109.8306837,34.3524927,,,
,327,174529062,,,,,residential,0,-109.7545847,34.2917896,,,
,328,174531244,,,,,residential,1,-109.7755162,34.2269964,,,
,329,174535478,,,,,residential,0,-109.7546545,34.2882252,,,
,330,174536473,,,,,residential,0,-109.7555775,34.3534227,,,
,331,174540598,,,,,primary,0,-109.7325846,34.2701807,,,
,332,174540623,,,,,primary,0,-109.8386458,34.2856524,,,
,333,174540631,,,,,primary,0,-109.8486928,34.2839112,,,
,334,174542054,,,,,tertiary,1,-109.7036055,34.2574937,,,
,335,174542060,,,,,tertiary,0,-109.7195566,34.2573206,,,
,336,174542063,,,,,tertiary,0,-109.7233762,34.2576072,,,
,337,174543187,,,,,residential,0,-109.724615,34.249664,,,
,338,174547345,,,,,tertiary,0,-109.7573602,34.356928,,,
,339,174548522,,,,,residential,0,-109.7719715,34.2851382,,,
,340,174549076,,,,,tertiary,0,-109.8309881,34.3378478,,,
,341,174550915,,,,,residential,1,-109.767414,34.222158,,,
,342,174551036,,,,,residential,0,-109.7524566,34.2310659,,,
,343,174551498,,,,,residential,0,-109.8035792,34.2907835,,,
,344,174552580,,,,,residential,0,-109.7960699,34.2924827,,,
,345,174558719,,,,,tertiary,0,-109.8305674,34.3123344,,,
,346,174559047,,,,,residential,0,-109.750309,34.321337,,,
,347,174559272,,,,,residential,1,-109.7481637,34.3190275,,,
,348,174559273,,,,,residential,0,-109.7481735,34.3213529,,,
,349,174559423,,,,,residential,0,-109.7524411,34.321357,,,
,350,174560609,,,,,residential,0,-109.7514479,34.3243593,,,
,351,174560917,,,,,residential,0,-109.8220587,34.3232261,,,
,352,174560920,,,,,tertiary,0,-109.8308283,34.3232702,,,
,353,174563641,,,,,residential,0,-109.7590985,34.3164389,,,
,354,174563759,,,,,residential,1,-109.778202,34.346769,,,
,355,174564036,,,,,tertiary,0,-109.8306002,34.3051076,,,
,356,174567879,,,,,tertiary,0,-109.7367207,34.3381859,,,
,357,174568102,,,,,tertiary,0,-109.778261,34.33692,,,
,358,174572732,,,,,residential,1,-109.724529,34.240783,,,
,359,174573771,,,,,residential,0,-109.796036,34.294199,,,
,360,174573773,,,,,residential,0,-109.7938515,34.294176,,,
,361,174573784,,,,,residential,0,-109.793815,34.2922712,,,
,362,174578361,,,,,residential,0,-109.7524895,34.3163857,,,
,363,174578364,,,,,residential,0,-109.7524895,34.3181579,,,
,364,174578367,,,,,residential,0,-109.7524895,34.3199567,,,
,365,174578372,,,,,residential,0,-109.7530551,34.3232282,,,
,366,174578487,,,,,residential,0,-109.7592272,34.3181668,,,
,367,174578494,,,,,residential,0,-109.7575857,34.3201783,,,
,368,174579478,,,,,residential,0,-109.774597,34.2821701,,,
,369,174581848,,,,,residential,0,-109.7441046,34.2535989,,,
,370,174581851,,,,,residential,1,-109.7485131,34.2535668,,,
,371,174588321,,,,,tertiary,1,-109.8307271,34.3570367,,,
,372,174588392,,,,,tertiary,0,-109.8308133,34.2996961,,,
,373,174589289,,,,,residential,1,-109.742465,34.257474,,,
,374,174589375,,,,,residential,0,-109.7412413,34.2545684,,,
,375,174590023,,,,,residential,1,-109.735101,34.253321,,,
,376,174590106,,,,,residential,0,-109.8337551,34.2769023,,,
,377,174590112,,,,,residential,0,-109.8337229,34.2739279,,,
,378,174591186,,,,,residential,1,-109.7575243,34.3543474,,,
,379,174591209,,,,,residential,0,-109.7448275,34.3509885,,,
,380,175077549,,,,,residential,0,-109.922531,34.231755,,,
,381,175077610,,,,,residential,0,-109.941005,34.258547,,,
,382,175119859,,,,,residential,1,-109.867848,34.281785,,,
,383,175119959,,,,,residential,0,-109.907612,34.301169,,,
,384,175119995,,,,,residential,0,-109.9456226,34.3011075,,,
,385,175120008,,,,,residential,1,-109.946368,34.301173,,,
,386,175208299,,,,,residential,0,-109.917998,34.245432,,,
,387,175208386,,,,,primary,0,-109.920893,34.27119,,,
,388,175208779,,,,,residential,1,-109.889161,34.33079,,,
,389,175245991,,,,,residential,1,-109.851431,34.281493,,,
,390,175246000,,,,,primary,0,-109.8525723,34.2832347,,,
,391,175275769,,,,,residential,1,-109.895027,34.23927,,,
,392,175275789,,,,,residential,0,-109.885787,34.240915,,,
,393,175275929,,,,,residential,0,-109.918143,34.27144,,,
,394,175275930,,,,,primary,0,-109.918216,34.271647,,,
,395,175276006,,,,,residential,0,-109.918617,34.271578,,,
,396,175312678,,,,,residential,1,-109.860087,34.222342,,,
,397,175312703,,,,,residential,1,-109.877378,34.237063,,,
,398,175338825,,,,,residential,0,-109.9371651,34.3048702,,,
,399,175338829,,,,,residential,0,-109.9370857,34.3066945,,,
,400,175338832,,,,,residential,0,-109.9370835,34.3085135,,,
,401,175338838,,,,,residential,0,-109.936812,34.312144,,,
,402,175385850,,,,,residential,1,-109.941283,34.315899,,,
,403,175385947,,,,,residential,1,-109.941729,34.31626,,,
,404,175392542,,,,,residential,0,-109.916493,34.319219,,,
,405,175392555,,,,,residential,1,-109.912843,34.321125,,,
,406,175396450,,,,,residential,1,-109.918809,34.275697,,,
,407,175396495,,,,,residential,0,-109.914231,34.314025,,,
,408,175404492,,,,,primary,0,-109.893163,34.276107,,,
,409,175404592,,,,,residential,1,-109.875661,34.247668,,,
,410,175415754,,,,,residential,0,-109.9578192,34.3188382,,,
,411,175427042,,,,,residential,1,-109.947473,34.258035,,,
,412,175427067,,,,,residential,0,-109.941171,34.259807,,,
,413,175428033,,,,,residential,0,-109.914728,34.315921,,,
,414,175428036,,,,,residential,0,-109.914178,34.315923,,,
,415,175431046,,,,,residential,1,-109.918103,34.24616,,,
,416,175431116,,,,,residential,1,-109.928332,34.222489,,,
,417,175437143,,,,,unclassified,1,-109.8932415,34.3536603,,,
,418,175437147,,,,,unclassified,0,-109.8928216,34.3452394,,,
,419,175439960,,,,,residential,0,-109.897468,34.330712,,,
,420,175445261,,,,,primary,0,-109.935239,34.268671,,,
,421,175445298,,,,,secondary,0,-109.940883,34.289539,,,
,422,175468040,,,,,residential,1,-109.899686,34.244789,,,
,423,175478492,,,,,residential,0,-109.908854,34.345414,,,
,424,175478501,,,,,residential,0,-109.908161,34.330582,,,
,425,175479594,,,,,residential,0,-109.878649,34.316138,,,
,426,175487103,,,,,residential,1,-109.940398,34.257563,,,
,427,175487133,,,,,primary,0,-109.944702,34.267022,,,
,428,175530945,,,,,secondary,0,-109.9571261,34.3304972,,,
,429,175531900,,,,,secondary,0,-109.9565612,34.3234635,,,
,430,175531906,,,,,residential,0,-109.9553746,34.3240762,,,
,431,175535699,,,,,residential,0,-109.909661,34.315947,,,
,432,175535747,,,,,residential,0,-109.918843,34.315926,,,
,433,175542999,,,,,residential,0,-109.936425,34.326666,,,
,434,175543009,,,,,residential,1,-109.9224,34.326779,,,
,435,175560939,,,,,residential,1,-109.95683,34.34169,,,
,436,175565843,,,,,residential,1,-109.955861,34.324763,,,
,437,175565847,,,,,secondary,0,-109.9568428,34.3247797,,,
,438,175568429,,,,,residential,0,-109.909828,34.309097,,,
,439,175568431,,,,,residential,0,-109.906578,34.309074,,,
,440,175568960,,,,,residential,1,-109.909869,34.30507,,,
,441,175577199,,,,,secondary,0,-109.9523684,34.312138,,,
,442,175577203,,,,,residential,0,-109.943084,34.312079,,,
,443,175577206,,,,,residential,0,-109.939367,34.312118,,,
,444,175582490,,,,,residential,0,-109.940291,34.353533,,,
,445,175582499,,,,,residential,1,-109.939517,34.356579,,,
,446,175584606,,,,,residential,1,-109.9576593,34.3168453,,,
,447,175587083,,,,,residential,0,-109.940306,34.34535,,,
,448,175587624,,,,,residential,1,-109.943137,34.315703,,,
,449,175590110,,,,,residential,0,-109.918807,34.330401,,,
,450,175607856,,,,,tertiary,1,-109.8511777,34.2227923,,,
,451,175609329,,,,,secondary,0,-109.9550039,34.3174009,,,
,452,175609905,,,,,residential,0,-109.945724,34.3066347,,,
,453,175609963,,,,,residential,0,-109.9457594,34.3048214,,,
,454,175609970,,,,,residential,0,-109.9457321,34.3084616,,,
,455,175611799,,,,,residential,0,-109.936291,34.329842,,,
,456,175612020,,,,,residential,1,-109.940392,34.342413,,,
,457,175615949,,,,,secondary,0,-109.956993,34.325496,,,
,458,175615950,,,,,residential,1,-109.956303,34.325519,,,
,459,175616193,,,,,residential,0,-109.936618,34.319336,,,
,460,175618311,,,,,residential,1,-109.956523,34.326229,,,
,461,175618313,,,,,secondary,0,-109.957103,34.326252,,,
,462,175620939,,,,,primary,1,-109.952437,34.265721,,,
,463,175621753,,,,,secondary,0,-109.947984,34.3048378,,,
,464,175623222,,,,,residential,0,-109.918833,34.3195,,,
,465,175624776,,,,,secondary,0,-109.9502414,34.3084541,,,
,466,175624785,,,,,secondary,0,-109.9567146,34.3241409,,,
,467,175638820,,,,,residential,1,-109.906411,34.301495,,,
,468,175638824,,,,,residential,1,-109.906634,34.312071,,,
,469,175647043,,,,,residential,1,-109.914286,34.31206,,,
,470,812748563,turning_circle,,,,residential,1,-109.8487118,34.2751126,,,
,471,915893070,,,,,residential,0,-109.7607261,34.3302953,,,
,472,915893183,,,,,tertiary,0,-109.7411521,34.3375594,,,
,473,915893235,,,,,residential,0,-109.7520389,34.3437539,,,
,474,1588292541,,,,,residential,1,-109.7273181,34.2612981,,,
,475,1588310564,,,,,unclassified,0,-109.7260398,34.2698088,,,
,476,1588310565,,,,,unclassified,0,-109.7120406,34.270775,,,
,477,1588321949,,,,,unclassified,0,-109.720228,34.2650015,,,
,478,1588321972,,,,,primary,0,-109.726148,34.2701315,,,
,479,1588321985,,,,,unclassified,0,-109.7179201,34.2600963,,,
,480,1588326776,,,,,unclassified,0,-109.7179093,34.2628868,,,
,481,1588330163,,,,,unclassified,0,-109.7243241,34.2637236,,,
,482,1588330165,,,,,unclassified,0,-109.726426,34.2637264,,,
,483,1588330166,,,,,unclassified,0,-109.7209621,34.2601135,,,
,484,1588339027,,,,,unclassified,0,-109.7241335,34.2675231,,,
,485,1588339031,,,,,unclassified,1,-109.7141514,34.2600543,,,
,486,1588340247,,,,,unclassified,0,-109.7148614,34.2641363,,,
,487,1588340251,,,,,unclassified,0,-109.7148601,34.2600591,,,
,488,1591636644,,,,,unclassified,0,-109.7102285,34.2500276,,,
,489,1591636687,,,,,unclassified,1,-109.7101809,34.2432934,,,
,490,1591636693,,,,,tertiary,0,-109.7091818,34.257354,,,
,491,1591652883,,,,,unclassified,1,-109.7024407,34.2502349,,,
,492,1970003955,,,,,tertiary,0,-109.7119406,34.2572914,,,
,493,1970003956,,,,,unclassified,0,-109.7118001,34.265096,,,
,494,2009604086,,,,,unclassified,0,-109.7102756,34.2519654,,,
,495,2009604090,,,,,unclassified,1,-109.7238529,34.2618257,,,
,496,2055025260,,,,,residential,0,-109.9384418,34.3085106,,,
,497,2055025265,,,,,residential,1,-109.9578133,34.3223059,,,
,498,2055025299,,,,,residential,1,-109.9572017,34.3434006,,,
,499,2055025301,,,,,secondary,0,-109.9560693,34.3419279,,,
,500,2055025436,,,,,residential,0,-109.9579091,34.3444835,,,
,501,2055025443,,,,,secondary,0,-109.9566018,34.3450385,,,
,502,2055025523,,,,,residential,1,-109.9576974,34.3179795,,,
,503,2055025601,,,,,secondary,1,-109.9579238,34.3478191,,,
,504,3059560250,,,,,residential,1,-109.8321848,34.2811563,,,
,505,3158289663,,,,,tertiary,0,-109.7367275,34.2575357,,,
,506,3158289666,,,,,residential,1,-109.7395466,34.2645425,,,
,507,3185228237,,,,,residential,0,-109.8164277,34.3485668,,,
,508,3185228361,,,,,residential,0,-109.8220323,34.3486629,,,
,509,3185228556,,,,,residential,0,-109.8219814,34.3569627,,,
,510,3222517993,,,,,residential,1,-109.7555584,34.3549917,,,
,511,3227775227,,,,,primary,0,-109.8319723,34.286276,,,
,512,3232259890,,,,,residential,0,-109.7395297,34.3203357,,,
,513,3335008116,,,,,residential,0,-109.7245841,34.2464752,,,
,514,3335008118,,,,,residential,0,-109.7190865,34.2464629,,,
,515,3599640865,,,,,unclassified,1,-109.8297858,34.2221656,,,
,516,3751538789,,,,,tertiary,0,-109.7684843,34.3303917,,,
,517,3751544849,,,,,residential,0,-109.8045212,34.3377551,,,
,518,3751544911,,,,,residential,0,-109.8011099,34.3441221,,,
,519,3751562075,,,,,tertiary,0,-109.7426522,34.3524609,,,
,520,3753788476,,,,,residential,0,-109.7731643,34.3486089,,,
,521,3753788562,,,,,residential,1,-109.7730982,34.3504436,,,
,522,3753788597,,,,,residential,0,-109.7720695,34.3522815,,,
,523,3786638641,,,,,residential,0,-109.835155,34.355155,,,
,524,3786638642,,,,,residential,0,-109.8373752,34.3551674,,,
,525,3786638644,,,,,residential,1,-109.8483806,34.3552289,,,
,526,3786638654,,,,,residential,1,-109.8374046,34.3571461,,,
,527,3786860569,,,,,residential,0,-109.8213137,34.2999803,,,
,528,3786860571,,,,,residential,0,-109.8155623,34.300071,,,
,529,3786860574,,,,,residential,0,-109.8258083,34.3002692,,,
,530,3786892043,,,,,residential,0,-109.8253862,34.2907439,,,
,531,3786892053,,,,,residential,0,-109.813534,34.2955594,,,
,532,3786893058,,,,,residential,0,-109.8112547,34.2977516,,,
,533,3786893076,,,,,residential,0,-109.8484492,34.3050952,,,
,534,3786910250,,,,,residential,0,-109.8443207,34.3051216,,,
,535,3786910464,,,,,residential,0,-109.8443467,34.3123867,,,
,536,3786910465,,,,,residential,0,-109.8442032,34.312387,,,
,537,3786910480,,,,,residential,1,-109.8446315,34.3155398,,,
,538,3786910481,,,,,residential,1,-109.8394075,34.3159733,,,
,539,3786910483,,,,,tertiary,0,-109.8308246,34.3160135,,,
,540,3787408123,,,,,residential,0,-109.8114211,34.2952193,,,
,541,3787408130,,,,,residential,1,-109.7997146,34.2965877,,,
,542,3787977349,turning_circle,,,,residential,1,-109.7435873,34.343036,,,
,543,3789578247,,,,,residential,0,-109.8195556,34.3195806,,,
,544,3789581274,,,,,residential,1,-109.8133264,34.3268008,,,
,545,3789581276,,,,,residential,0,-109.8220614,34.3268453,,,
,546,3789581307,,,,,residential,0,-109.7640123,34.330341,,,
,547,3789581312,,,,,residential,1,-109.8247513,34.330424,,,
,548,3789581319,,,,,tertiary,0,-109.8309604,34.3305261,,,
,549,3789581331,,,,,residential,0,-109.7607122,34.3320492,,,
,550,3789581568,,,,,residential,1,-109.7575145,34.3338196,,,
,551,3789581608,,,,,residential,1,-109.8340658,34.3378513,,,
,552,3789581609,turning_circle,,,,residential,1,-109.8441425,34.3407006,,,
,553,3790427887,,,,,residential,1,-109.7718459,34.3413174,,,
,554,3790427888,,,,,residential,1,-109.7798124,34.3413297,,,
,555,3790427890,,,,,residential,1,-109.7610574,34.3413501,,,
,556,3790427891,,,,,residential,0,-109.7648367,34.3413375,,,
,557,3790535908,,,,,residential,0,-109.8089201,34.2995619,,,
,558,3790535929,,,,,residential,0,-109.8088937,34.3089916,,,
,559,3790535995,,,,,residential,0,-109.7935161,34.3174103,,,
,560,3790536000,,,,,residential,0,-109.7869089,34.3195111,,,
,561,3790536002,,,,,residential,1,-109.7799209,34.32126,,,
,562,3790536004,,,,,residential,1,-109.7945138,34.3303641,,,
,563,3790536006,,,,,residential,1,-109.793325,34.3394186,,,
,564,3790536007,,,,,residential,1,-109.7929657,34.3431147,,,
,565,3790831281,,,,,residential,0,-109.7649915,34.3504893,,,
,566,3790831282,,,,,residential,1,-109.7636593,34.3522924,,,
,567,3790831283,,,,,residential,1,-109.7675277,34.3522957,,,
,568,3792072614,,,,,secondary,0,-109.7778116,34.2904184,,,
,569,3792072615,,,,,residential,0,-109.7800058,34.2904295,,,
,570,3792072616,,,,,residential,0,-109.7829042,34.2904442,,,
,571,3792072617,,,,,residential,0,-109.7850365,34.290457,,,
,572,3792072620,,,,,residential,0,-109.7894663,34.2905002,,,
,573,3792072622,,,,,residential,0,-109.7960574,34.2905593,,,
,574,3792072623,,,,,residential,1,-109.7978358,34.2905799,,,
,575,3792072628,,,,,residential,1,-109.80051,34.2910243,,,
,576,3792072630,,,,,residential,1,-109.8068652,34.2913879,,,
,577,3792072637,,,,,residential,1,-109.7800059,34.2917693,,,
,578,3792072638,,,,,residential,0,-109.8012664,34.2920053,,,
,579,3792072642,,,,,residential,0,-109.7960679,34.2922737,,,
,580,3792072643,,,,,residential,0,-109.8048127,34.2923585,,,
,581,3792072644,,,,,residential,1,-109.7805175,34.2923698,,,
,582,3792072647,,,,,residential,1,-109.7793201,34.2939804,,,
,583,3792072648,,,,,residential,0,-109.7804664,34.2939882,,,
,584,3792072649,,,,,residential,0,-109.7828788,34.2940047,,,
,585,3792073461,,,,,residential,0,-109.7960274,34.295048,,,
,586,3792073463,,,,,primary,0,-109.79993,34.2952637,,,
,587,3792073465,,,,,residential,1,-109.7850147,34.2968588,,,
,588,3792073466,,,,,primary,0,-109.7939047,34.2984724,,,
,589,3792073494,,,,,residential,0,-109.7826553,34.3003614,,,
,590,3792073498,,,,,residential,1,-109.7859829,34.3003913,,,
,591,3792073510,,,,,primary,0,-109.7851384,34.3031362,,,
,592,3792073514,turning_circle,,,,residential,1,-109.7789123,34.3054654,,,
,593,3792177297,,,,,residential,1,-109.8142834,34.2773778,,,
,594,3792177298,,,,,residential,1,-109.812976,34.2778157,,,
,595,3792177299,,,,,residential,0,-109.8129906,34.2783357,,,
,596,3792177301,,,,,residential,0,-109.8142789,34.2784271,,,
,597,3792177304,,,,,residential,1,-109.8117563,34.2792611,,,
,598,3792177307,,,,,residential,0,-109.8142512,34.2798439,,,
,599,3792177308,,,,,residential,1,-109.8129966,34.2798617,,,
,600,3792177372,,,,,residential,1,-109.7651965,34.304897,,,
,601,3792177373,,,,,residential,1,-109.7673794,34.3049068,,,
,602,3792177389,,,,,primary,0,-109.7698907,34.3120214,,,
,603,3792185260,,,,,residential,1,-109.8171773,34.2722546,,,
,604,3792185263,,,,,residential,1,-109.8003801,34.2727016,,,
,605,3792185284,,,,,residential,0,-109.8045963,34.2764287,,,
,606,3792185285,,,,,residential,0,-109.8072235,34.276444,,,
,607,3792185286,,,,,residential,0,-109.8088971,34.2764538,,,
,608,3792185305,,,,,residential,0,-109.8045447,34.2790663,,,
,609,3792185308,,,,,primary,0,-109.8004062,34.2791247,,,
,610,3792185310,,,,,residential,0,-109.8088593,34.2808015,,,
,611,3792185314,,,,,primary,0,-109.8088226,34.2816551,,,
,612,3792852797,turning_circle,,,,residential,1,-109.750524,34.3473356,,,
,613,3792882546,,,,,tertiary,1,-109.7490702,34.3571234,,,
,614,3792952037,,,,,residential,1,-109.7594108,34.301146,,,
,615,3792952589,,,,,residential,0,-109.7278125,34.325633,,,
,616,3792952598,,,,,residential,1,-109.7447705,34.3284606,,,
,617,3793379383,,,,,residential,0,-109.733845,34.3009667,,,
,618,3793379384,,,,,residential,1,-109.7338273,34.3034738,,,
,619,3793379397,,,,,residential,1,-109.7364881,34.3185988,,,
,620,3793379402,,,,,residential,1,-109.7141547,34.3196657,,,
,621,3793379407,,,,,residential,0,-109.7278889,34.3199112,,,
,622,3794159202,,,,,residential,0,-109.7366888,34.2726757,,,
,623,3794159237,,,,,residential,0,-109.7316463,34.2733349,,,
,624,3794160781,,,,,residential,1,-109.7024954,34.3446657,,,
,625,3794160790,,,,,residential,1,-109.7104436,34.3566356,,,
,626,3810583773,,,,,primary,0,-109.7653768,34.273828,,,
,627,3810583777,,,,,residential,0,-109.7642448,34.2756563,,,
,628,3810583778,,,,,residential,0,-109.7660767,34.2757029,,,
,629,3810583780,,,,,residential,0,-109.7677343,34.2757099,,,
,630,3810583781,,,,,residential,0,-109.7696018,34.2757344,,,
,631,3810583783,,,,,residential,0,-109.7640684,34.2762257,,,
,632,3810583784,,,,,residential,0,-109.761374,34.2761817,,,
,633,3810583785,,,,,residential,0,-109.7628017,34.2762202,,,
,634,3810583786,,,,,residential,0,-109.7790451,34.2771022,,,
,635,3810583787,,,,,residential,0,-109.7790287,34.2776094,,,
,636,3810583790,,,,,residential,0,-109.7666937,34.2779865,,,
,637,3810583796,,,,,residential,0,-109.7789464,34.2792175,,,
,638,3810583809,,,,,residential,0,-109.7612536,34.2795666,,,
,639,3810583813,,,,,residential,0,-109.7666247,34.2796646,,,
,640,3810583816,,,,,residential,0,-109.7694551,34.2797034,,,
,641,3810583817,,,,,residential,0,-109.7745712,34.2796284,,,
,642,3810583847,turning_circle,,,,residential,1,-109.780031,34.2830092,,,
,643,3810583859,,,,,residential,0,-109.7798309,34.2867248,,,
,644,3810583860,,,,,residential,0,-109.7732309,34.2867808,,,
,645,3835202176,,,,,residential,0,-109.7597548,34.3399076,,,
,646,3835202178,,,,,residential,0,-109.75984,34.3399808,,,
,647,3835202180,,,,,residential,0,-109.7598474,34.3401481,,,
,648,3835202185,,,,,tertiary,0,-109.7596562,34.3424762,,,
,649,3835616695,,,,,residential,1,-109.8010599,34.2770063,,,
,650,3835616696,,,,,residential,1,-109.7996435,34.2770085,,,
,651,3835616697,,,,,residential,0,-109.8004334,34.2770121,,,
,652,3835616698,,,,,residential,1,-109.8009631,34.2776325,,,
,653,3835616699,,,,,residential,1,-109.7998447,34.2776357,,,
,654,3835616700,,,,,residential,0,-109.8004378,34.2776389,,,
,655,3835626619,,,,,residential,0,-109.7812892,34.2867247,,,
,656,3835626621,turning_circle,,,,residential,0,-109.7812973,34.2878401,,,
,657,3835626656,,,,,residential,1,-109.7807166,34.2958699,,,
,658,3835626957,,,,,residential,0,-109.7828654,34.2958866,,,
,659,3836214256,,,,,residential,1,-109.7639921,34.3324435,,,
,660,3861730863,,,,,primary,1,-109.702922,34.2716165,,,
,661,3861730868,,,,,residential,0,-109.764938,34.2721255,,,
,662,3861730872,,,,,residential,0,-109.7680251,34.2721987,,,
,663,3861730885,,,,,residential,0,-109.7648096,34.2727472,,,
,664,3861730887,,,,,residential,0,-109.7655489,34.2728272,,,
,665,3861730894,,,,,residential,0,-109.7675574,34.2730447,,,
,666,3861730900,,,,,residential,0,-109.7654323,34.2735531,,,
,667,3871229749,,,,,residential,0,-109.7355752,34.351867,,,
,668,3884745770,,,,,residential,0,-109.7511132,34.2396096,,,
,669,3884745775,,,,,residential,0,-109.731084,34.2400174,,,
,670,3884745777,,,,,residential,0,-109.7332862,34.2400242,,,
,671,3884745779,,,,,residential,1,-109.7278701,34.2400452,,,
,672,3884745780,turning_circle,,,,residential,1,-109.7298864,34.2400737,,,
,673,3884745781,turning_circle,,,,residential,1,-109.7342511,34.240083,,,
,674,3884745782,turning_circle,,,,residential,1,-109.729756,34.2409807,,,
,675,3884745790,,,,,residential,0,-109.7149734,34.2416821,,,
,676,3884745804,,,,,residential,0,-109.7310136,34.2427059,,,
,677,3884745805,,,,,residential,0,-109.7296757,34.2427078,,,
,678,3884745806,,,,,residential,0,-109.7278635,34.2427105,,,
,679,3884745812,turning_circle,,,,residential,1,-109.7355281,34.2430953,,,
,680,3884745821,,,,,residential,0,-109.7310386,34.2435832,,,
,681,3884745822,,,,,residential,0,-109.7332465,34.2436255,,,
,682,3884745823,,,,,residential,0,-109.7354146,34.2436536,,,
,683,3884745825,turning_circle,,,,residential,1,-109.7305391,34.2436677,,,
,684,3884745829,turning_circle,,,,residential,1,-109.7355508,34.2441885,,,
,685,3884745834,,,,,residential,0,-109.7245819,34.2462437,,,
,686,3885115628,,,,,residential,0,-109.7660866,34.2571947,,,
,687,3885233646,,,,,residential,0,-109.7693715,34.2546106,,,
,688,3885233650,,,,,residential,0,-109.7660233,34.2565277,,,
,689,3885233653,,,,,residential,1,-109.7749839,34.261282,,,
,690,3885233654,,,,,residential,0,-109.7783105,34.2613314,,,
,691,3885233655,,,,,residential,0,-109.7803878,34.2613623,,,
,692,3885233656,,,,,residential,1,-109.7837746,34.2619334,,,
,693,3885233857,,,,,tertiary,0,-109.7714393,34.2629851,,,
,694,3885233877,,,,,residential,1,-109.7738433,34.2644034,,,
,695,3885233912,,,,,residential,0,-109.7836437,34.2686295,,,
,696,3885233915,,,,,residential,0,-109.7837015,34.2686543,,,
,697,3885234010,,,,,residential,0,-109.7837056,34.2714609,,,
,698,3885234020,,,,,primary,0,-109.7472305,34.2717988,,,
,699,3885234029,,,,,residential,1,-109.7674975,34.271979,,,
,700,3885234033,,,,,residential,0,-109.7680814,34.2720286,,,
,701,3885234052,,,,,residential,1,-109.7614709,34.2736394,,,
,702,3885234055,,,,,residential,0,-109.7653455,34.2741078,,,
,703,3885234065,,,,,residential,0,-109.7520443,34.2744491,,,
,704,3885234075,,,,,residential,1,-109.7680857,34.2747841,,,
,705,3885234096,,,,,residential,0,-109.747127,34.2760288,,,
,706,3885234097,,,,,residential,0,-109.7513025,34.2760855,,,
,707,3885234100,,,,,residential,0,-109.7524042,34.2761611,,,
,708,3885234133,,,,,residential,0,-109.7514128,34.2768627,,,
,709,3885234148,turning_circle,,,,residential,0,-109.7593633,34.2770098,,,
,710,3885234150,,,,,residential,0,-109.7518119,34.2770487,,,
,711,3885234159,turning_circle,,,,residential,1,-109.7484064,34.2772421,,,
,712,3885234161,,,,,residential,0,-109.7508432,34.2772956,,,
,713,3885234180,,,,,residential,1,-109.7551368,34.2780434,,,
,714,3885234186,,,,,residential,0,-109.7470688,34.2784071,,,
,715,3885234187,,,,,residential,0,-109.7508741,34.2785118,,,
,716,3885234188,,,,,residential,0,-109.7519066,34.2785619,,,
,717,3885234197,,,,,residential,0,-109.7599072,34.2788594,,,
,718,3885234223,,,,,residential,1,-109.7470434,34.2794474,,,
,719,3885234228,,,,,residential,0,-109.7601917,34.2795704,,,
,720,3885234234,,,,,residential,0,-109.7572463,34.2795977,,,
,721,3885234280,,,,,residential,1,-109.7544811,34.2804483,,,
,722,3885234296,,,,,residential,1,-109.7571883,34.2811128,,,
,723,3885234303,,,,,residential,1,-109.7760151,34.2816003,,,
,724,3885234309,,,,,residential,1,-109.777077,34.2818155,,,
,725,3885234320,,,,,residential,0,-109.7723007,34.282068,,,
,726,3885234328,,,,,residential,0,-109.7758547,34.2821818,,,
,727,3885234330,,,,,residential,0,-109.7773318,34.2821955,,,
,728,3885234416,,,,,residential,0,-109.7693524,34.2851242,,,
,729,3885234473,,,,,residential,0,-109.769152,34.2867154,,,
,730,3885313823,,,,,residential,0,-109.7668632,34.2597659,,,
,731,3885313832,,,,,tertiary,0,-109.7637336,34.2623103,,,
,732,3885313988,turning_circle,,,,residential,0,-109.7749268,34.2765774,,,
,733,3885313995,,,,,secondary,0,-109.7777509,34.2768866,,,
,734,3885864488,,,,,residential,1,-109.7631287,34.2509437,,,
,735,3886371880,,,,,residential,0,-109.8291473,34.2287726,,,
,736,3886373578,,,,,tertiary,0,-109.8289467,34.241334,,,
,737,3886773859,,,,,residential,1,-109.8424308,34.2289677,,,
,738,3886773876,,,,,residential,0,-109.8413426,34.2303028,,,
,739,3886773888,turning_circle,,,,residential,1,-109.841331,34.2311694,,,
,740,3905702249,,,,,residential,0,-109.782868,34.2867245,,,
,741,3905702250,,,,,residential,1,-109.7828511,34.2882268,,,
,742,3906463574,,,,,residential,1,-109.7858054,34.254873,,,
,743,3906463578,,,,,tertiary,0,-109.7858912,34.2578618,,,
,744,3906463584,,,,,tertiary,0,-109.7804107,34.2585668,,,
,745,3906463623,,,,,residential,1,-109.7858316,34.2605626,,,
,746,3906463858,,,,,residential,1,-109.7772128,34.2649053,,,
,747,3906463859,,,,,residential,0,-109.7836666,34.2649465,,,
,748,3906463860,,,,,residential,1,-109.7924523,34.2649867,,,
,749,3920359417,,,,,residential,1,-109.7941902,34.2994576,,,
,750,4100657885,,,,,residential,1,-109.7885606,34.3187316,,,
,751,4100723812,,,,,residential,0,-109.8429637,34.2769065,,,
,752,4100723814,,,,,residential,0,-109.8444587,34.2799494,,,
,753,4100723815,,,,,residential,0,-109.835234,34.2799698,,,
,754,4100723818,,,,,residential,0,-109.8381131,34.2824123,,,
,755,4100723819,,,,,primary,0,-109.8445167,34.2846437,,,
,756,4100723820,,,,,primary,0,-109.8419264,34.2850874,,,
,757,,,,,,poi,0,-109.80217618582101,34.334904117677496,,0,
,758,,,,,,poi,0,-109.74514196825952,34.235776445494764,,1,
,759,,,,,,poi,0,-109.76449899999999,34.3406578,,2,
,760,,,,,,poi,0,-109.7704401909269,34.34933741850467,,3,
,761,,,,,,poi,0,-109.76556477762111,34.2838586333013,,4,
,762,,,,,,poi,0,-109.77059757505208,34.27684643313046,,5,
,763,,,,,,poi,0,-109.76984249175588,34.35337842655074,,6,
,764,,,,,,poi,0,-109.77103196451435,34.285105765921905,,7,
,765,,,,,,poi,0,-109.82861688241907,34.288244930040456,,8,
,766,,,,,,poi,0,-109.86392713281151,34.30009985428197,,9,
,767,,,,,,poi,0,-109.7428024650174,34.23302692447497,,10,
,768,,,,,,poi,0,-109.82883944999999,34.29096155,,11,
,769,,,,,,poi,0,-109.82367594068067,34.23469552699075,,12,
,770,,,,,,poi,0,-109.82712767530727,34.29499743790257,,13,
,771,,,,,,poi,0,-109.76929307498209,34.28497604071684,,14,
,772,,,,,,poi,0,-109.74293825390815,34.32044823184026,,15,
,773,,,,,,poi,0,-109.76677939999999,34.26071895,,16,
,774,,,,,,poi,0,-109.77400849699903,34.28573183713456,,17,
,775,,,,,,poi,0,-109.7465382,34.35222900000001,,18,
,776,,,,,,poi,0,-109.77147140071675,34.280054265780855,,19,
,777,,,,,,poi,0,-109.75438268275155,34.32163570228343,,20,
,778,,,,,,poi,0,-109.7669980244348,34.25970670370381,,21,
,779,,,,,,poi,0,-109.77065421312189,34.34982811621528,,22,
,780,,,,,,poi,0,-109.74409663395069,34.35481511868793,,23,
,781,,,,,,poi,0,-109.76574967407748,34.25932120541613,,24,
,782,,,,,,poi,0,-109.7653897,34.258997,,25,
,783,,,,,,poi,0,-109.74031507824546,34.32075425572791,,26,
,784,,,,,,poi,0,-109.75340846765658,34.3213344377816,,27,
,785,,,,,,poi,0,-109.75071734753264,34.352607516832016,,28,
,786,,,,,,poi,0,-109.77393389226083,34.28012072537272,,29,
,787,,,,,,poi,0,-109.8147863,34.34594754999999,,30,
,788,,,,,,poi,0,-109.82356711611311,34.3514369971647,,31,
,789,,,,,,poi,0,-109.7665773,34.355521949999996,,32,
,790,,,,,,poi,0,-109.77107290000001,34.285014700000005,,33,
,791,,,,,,poi,0,-109.82461980498181,34.29019021900565,,34,
,792,,,,,,poi,0,-109.82344453363402,34.351264037482714,,35,
,793,,,,,,poi,0,-109.76055754260982,34.282491636942275,,36,
,794,,,,,,poi,0,-109.7714095722827,34.34829374074172,,37,
,795,,,,,,poi,0,-109.77842870306517,34.27457349602403,,38,
,796,,,,,,poi,0,-109.71527054185664,34.243138623143075,,39,
,797,,,,,,poi,0,-109.81728160267946,34.31981558216919,,40,
,798,,,,,,poi,0,-109.76965315,34.25491705,,41,
,799,,,,,,poi,0,-109.82590534261004,34.34911927309349,,42,
,800,,,,,,poi,0,-109.73920185,34.337404400000004,,43,
,801,,,,,,poi,0,-109.72377025,34.33811305,,44,
,802,,,,,,poi,0,-109.7738788,34.2861741,,45,
,803,,,,,,poi,0,-109.81590066214316,34.347311373816964,,46,
,804,,,,,,poi,0,-109.75736361145275,34.279245118891424,,47,
,805,,,,,,poi,0,-109.76615882792157,34.28393554647095,,48,
,806,,,,,,poi,0,-109.77984511578748,34.27000660200716,,49,
,807,,,,,,poi,0,-109.76698819999999,34.28588035,,50,
,808,,,,,,poi,0,-109.74418459999998,34.3528346,,51,
,809,,,,,,poi,0,-109.81939938384433,34.29134015130134,,52,
,810,,,,,,poi,0,-109.78059789999999,34.26993424999999,,53,
,811,,,,,,poi,0,-109.76735227193541,34.349016435040646,,54,
,812,,,,,,poi,0,-109.76860638871415,34.284235020456975,,55,
,813,,,,,,poi,0,-109.77695731322477,34.35623971368409,,56,
,814,,,,,,poi,0,-109.79911030000001,34.335790149999994,,57,
,815,,,,,,poi,0,-109.77407679964601,34.282614316512365,,58,
,816,,,,,,poi,0,-109.74672735165159,34.23991550964787,,59,
,817,,,,,,poi,0,-109.77327777704713,34.280110103691456,,60,
,818,,,,,,poi,0,-109.78131534999999,34.2882047,,61,
,819,,,,,,poi,0,-109.77871619999999,34.274887,,62,
,820,,,,,,poi,0,-109.79474206080425,34.31618437360391,,63,
,821,,,,,,poi,0,-109.76527902522975,34.34825760994316,,64,
,822,,,,,,poi,0,-109.82590173161321,34.34897853530933,,65,
,823,,,,,,poi,0,-109.81075440000001,34.28270044999999,,66,
,824,,,,,,poi,0,-109.77031178067423,34.254002380554795,,67,
,825,,,,,,poi,0,-109.7464159,34.35472135,,68,
,826,,,,,,poi,0,-109.76812779106358,34.34821363153831,,69,
,827,,,,,,poi,0,-109.74108345,34.320749199999995,,70,
,828,,,,,,poi,0,-109.76188287857909,34.348024610544094,,71,
,829,,,,,,poi,0,-109.7411096,34.3350954,,72,
,830,,,,,,poi,0,-109.77776035,34.35716095,,73,
,831,,,,,,poi,0,-109.7474390253768,34.35414870640137,,74,
,832,,,,,,poi,0,-109.77971927468994,34.268894224810296,,75,
,833,,,,,,poi,0,-109.76979266391507,34.25519538807869,,76,
,834,,,,,,poi,0,-109.76555176658748,34.25926019787953,,77,
,835,,,,,,poi,0,-109.7420771631397,34.335094883485695,,78,
,836,,,,,,poi,0,-109.73751460000001,34.34095755,,79,
,837,,,,,,poi,0,-109.77171708166921,34.28219584834352,,80,
,838,,,,,,poi,0,-109.77272444966232,34.281180236019814,,81,
,839,,,,,,poi,0,-109.81832746032379,34.29107380792998,,82,
,840,,,,,,poi,0,-109.71570634999999,34.2426825,,83,
,841,,,,,,poi,0,-109.78302729999999,34.270912,,84,
,842,,,,,,poi,0,-109.77886155,34.2748141,,85,
,843,,,,,,poi,0,-109.77611375,34.35631439999999,,86,
,844,,,,,,poi,0,-109.76980862124121,34.353847298638165,,87,
,845,,,,,,poi,0,-109.77992885,34.269862700000004,,88,
,846,,,,,,poi,0,-109.79929768896046,34.33588242750293,,89,
,847,,,,,,poi,0,-109.75075224999999,34.355046650000006,,90,
,848,,,,,,poi,0,-109.71582697603748,34.24315066165755,,91,
,849,,,,,,poi,0,-109.8205259746599,34.2360366063809,,92,
,850,,,,,,poi,0,-109.8230939,34.296987200000004,,93,
,851,,,,,,poi,0,-109.82464251074295,34.23481817277815,,94,
,852,,,,,,poi,0,-109.77140774159375,34.35263927688649,,95,
,853,,,,,,poi,0,-109.77012938676465,34.277011053264296,,96,
,854,,,,,,poi,0,-109.74410781707778,34.35485594985208,,97,
,855,,,,,,poi,0,-109.7719454318042,34.34820580899516,,98,
,856,,,,,,poi,0,-109.80965483158532,34.28235390248612,,99,
,857,,,,,,poi,0,-109.77359856412812,34.346325531490045,,100,
,858,,,,,,poi,0,-109.76852298609359,34.25502976623075,,101,
,859,,,,,,poi,0,-109.77389328717992,34.28497157418717,,102,
,860,,,,,,poi,0,-109.74771427902603,34.35141394619279,,103,
,861,,,,,,poi,0,-109.77449485,34.282897600000005,,104,
,862,,,,,,poi,0,-109.80167655,34.335763799999995,,105,
,863,,,,,,poi,0,-109.78069439820933,34.268212522680976,,106,
,864,,,,,,poi,0,-109.82257420654453,34.23564367545722,,107,
,865,,,,,,poi,0,-109.77234457429361,34.28473149480161,,108,
,866,,,,,,poi,0,-109.81126505631599,34.29120947561328,,109,
,867,,,,,,poi,0,-109.74754510086967,34.35511201622956,,110,
,868,,,,,,poi,0,-109.77853844999997,34.2750288,,111,
,869,,,,,,poi,0,-109.8268497320439,34.31703984900682,,112,
,870,,,,,,poi,0,-109.82153914142604,34.350615747735986,,113,
,871,,,,,,poi,0,-109.82438496826033,34.31720402238174,,114,
,872,,,,,,poi,0,-109.78126879999999,34.2697602,,115,
,873,,,,,,poi,0,-109.77413038140291,34.35523381217562,,116,
,874,,,,,,poi,0,-109.76789394999999,34.285460699999994,,117,
,875,,,,,,poi,0,-109.80389745074596,34.34235918332304,,118,
,876,,,,,,poi,0,-109.8041517245799,34.33846624613048,,119,
,877,,,,,,poi,0,-109.74511261116987,34.332060913189345,,120,
,878,,,,,,poi,0,-109.7149861940502,34.24228157717636,,121,
,879,,,,,,poi,0,-109.81009,34.2826959,,122,
,880,,,,,,poi,0,-109.82766900767459,34.22963308958352,,123,
,881,,,,,,poi,0,-109.82553157473238,34.23472999349751,,124,
,882,,,,,,poi,0,-109.71480475000001,34.2416091,,125,
,883,,,,,,poi,0,-109.77497551759883,34.27640624025674,,126,
,884,,,,,,poi,0,-109.75381895,34.3222029,,127,
,885,,,,,,poi,0,-109.78193643533761,34.27094794545648,,128,
,886,,,,,,poi,0,-109.76985129418522,34.35355722467493,,129,
,887,,,,,,poi,0,-109.74320143193543,34.232707001680964,,130,
,888,,,,,,poi,0,-109.82662270000003,34.29354135,,131,
,889,,,,,,poi,0,-109.778539,34.27492264999999,,132,
,890,,,,,,poi,0,-109.75930273392356,34.35708884340145,,133,
,891,,,,,,poi,0,-109.81610199999999,34.34732065,,134,
,892,,,,,,poi,0,-109.75761497235025,34.35637803267315,,135,
,893,,,,,,poi,0,-109.75748268361626,34.2791660441143,,136,
,894,,,,,,poi,0,-109.78285935,34.27181925,,137,
,895,,,,,,poi,0,-109.7691727,34.256415950000004,,138,
,896,,,,,,poi,0,-109.74110786510207,34.33545180306485,,139,
,897,,,,,,poi,0,-109.73984730000001,34.31825595,,140,
,898,,,,,,poi,0,-109.7517026,34.356032150000004,,141,
,899,,,,,,poi,0,-109.80084397129842,34.34413399537446,,142,
,900,,,,,,poi,0,-109.78235601010243,34.26777993619331,,143,
,901,,,,,,poi,0,-109.82415682558852,34.23497729501834,,144,
,902,,,,,,poi,0,-109.87154540000002,34.3055141,,145,
,903,,,,,,poi,0,-109.80932828396075,34.2831460980102,,146,
,904,,,,,,poi,0,-109.76887622424358,34.27533370323915,,147,
,905,,,,,,poi,0,-109.81166617916465,34.291116410762584,,148,
,906,,,,,,poi,0,-109.7708279246962,34.34895405414443,,149,
,907,,,,,,poi,0,-109.77268175,34.280211650000005,,150,
,908,,,,,,poi,0,-109.77399683142087,34.28193255201496,,151,
,909,,,,,,poi,0,-109.82390695982912,34.35444478469724,,152,
,910,,,,,,poi,0,-109.83033156496926,34.22884013186408,,153,
,911,,,,,,poi,0,-109.7371527,34.34140430000001,,154,
,912,,,,,,poi,0,-109.73777890000001,34.31882495,,155,
,913,,,,,,poi,0,-109.82358035625195,34.35452466800144,,156,
,914,,,,,,poi,0,-109.78117476353952,34.271830014951185,,157,
,915,,,,,,poi,0,-109.76817793346875,34.27642660744748,,158,
,916,,,,,,poi,0,-109.82750264993581,34.22877796509652,,159,
,917,,,,,,poi,0,-109.82110703333335,34.35155523778338,,160,
,918,,,,,,poi,0,-109.79455428553106,34.316540248973276,,161,
,919,,,,,,poi,0,-109.77986507380936,34.269179403468904,,162,
,920,,,,,,poi,0,-109.82306991878643,34.3568918690852,,163,
,921,,,,,,poi,0,-109.76855814974152,34.254844878703814,,164,
,922,,,,,,poi,0,-109.82136017579968,34.23603456218925,,165,
,923,,,,,,poi,0,-109.82039360539953,34.29105942900525,,166,
,924,,,,,,poi,0,-109.82898452019651,34.297036049734075,,167,
,925,,,,,,poi,0,-109.77242334218634,34.28220711868088,,168,
,926,,,,,,poi,0,-109.73151181971879,34.27379859861954,,169,
,927,,,,,,poi,0,-109.74013804999998,34.3376365,,170,
,928,,,,,,poi,0,-109.81642631382827,34.29093733019728,,171,
,929,,,,,,poi,0,-109.82306768514366,34.34949100626337,,172,
,930,,,,,,poi,0,-109.77276666428253,34.28212094709444,,173,
,931,,,,,,poi,0,-109.81657695000001,34.34732615,,174,
,932,,,,,,poi,0,-109.80409945,34.3385288,,175,
,933,,,,,,poi,0,-109.77648159857392,34.27036607787551,,176,
,934,,,,,,poi,0,-109.73729325000001,34.340272649999996,,177,
,935,,,,,,poi,0,-109.78298071897666,34.269145313152066,,178,
,936,,,,,,poi,0,-109.77206818568025,34.280090582232724,,179,
,937,,,,,,poi,0,-109.77709194999998,34.35638320000001,,180,
,938,,,,,,poi,0,-109.75086558747117,34.2392562263673,,181,
,939,,,,,,poi,0,-109.78167965,34.270493,,182,
,940,,,,,,poi,0,-109.79929515,34.335805199999996,,183,
,941,,,,,,poi,0,-109.8019947790609,34.335434447228224,,184,
,942,,,,,,poi,0,-109.74448085523609,34.35272477538709,,185,
,943,,,,,,poi,0,-109.87143605431719,34.30576723172241,,186,
,944,,,,,,poi,0,-109.80980017532976,34.282720357849335,,187,
,945,,,,,,poi,0,-109.74266107989837,34.320988270459644,,188,
,946,,,,,,poi,0,-109.82957459529294,34.293928133068626,,189,
,947,,,,,,poi,0,-109.76920375509613,34.26360564021034,,190,
,948,,,,,,poi,0,-109.82126840203433,34.30071275829891,,191,
,949,,,,,,poi,0,-109.77613480562525,34.27069453919692,,192,
,950,,,,,,poi,0,-109.76916673362581,34.277083018665806,,193,
,951,,,,,,poi,0,-109.74017107939152,34.32065507922496,,194,
,952,,,,,,poi,0,-109.77158067773003,34.284890302756736,,195,
,953,,,,,,poi,0,-109.7381125166468,34.318631574649615,,196,
,954,,,,,,poi,0,-109.82145103625822,34.30049710645199,,197,
,955,,,,,,poi,0,-109.74000437684892,34.320399496210015,,198,
,956,,,,,,poi,0,-109.76892151427032,34.34628608129554,,199,
,957,,,,,,poi,0,-109.77178895,34.3470298,,200,
,958,,,,,,poi,0,-109.76023389999997,34.355902900000004,,201,
,959,,,,,,poi,0,-109.766977,34.27515425,,202,
,960,,,,,,poi,0,-109.80234348705841,34.31415877906864,,203,
,961,,,,,,poi,0,-109.82721124999999,34.29494495,,204,
,962,,,,,,poi,0,-109.74380376438314,34.33356668283045,,205,
,963,,,,,,poi,0,-109.75722327636596,34.35667314195626,,206,
,964,,,,,,poi,0,-109.81849709424326,34.3496532502162,,207,
,965,,,,,,poi,0,-109.74113149452788,34.32043652082562,,208,
,966,,,,,,poi,0,-109.76968804999997,34.353270800000004,,209,
,967,,,,,,poi,0,-109.7679644,34.275368,,210,
,968,,,,,,poi,0,-109.76645658200637,34.35560647496899,,211,
,969,,,,,,poi,0,-109.8150182,34.23701145,,212,
,970,,,,,,poi,0,-109.7402067,34.320460649999994,,213,
,971,,,,,,poi,0,-109.81820725996495,34.2914667282085,,214,
,972,,,,,,poi,0,-109.76896563237236,34.25733416521888,,215,
,973,,,,,,poi,0,-109.77020884999999,34.34929135000001,,216,
,974,,,,,,poi,0,-109.77029008498741,34.34706243287318,,217,
,975,,,,,,poi,0,-109.78129958696387,34.26920536113243,,218,
,976,,,,,,poi,0,-109.76309790972344,34.34036163042972,,219,
,977,,,,,,poi,0,-109.7242241575059,34.33824463187096,,220,
,978,,,,,,poi,0,-109.80961709999998,34.283128999999995,,221,
,979,,,,,,poi,0,-109.75522954999998,34.3224253,,222,
,980,,,,,,poi,0,-109.74586140550178,34.23555747065822,,223,
,981,,,,,,poi,0,-109.81054279882794,34.2826345177021,,224,
,982,,,,,,poi,0,-109.74647505,34.354251850000004,,225,
,983,,,,,,poi,0,-109.7725187,34.3492205,,226,
,984,,,,,,poi,0,-109.76907444999999,34.356260649999996,,227,
,985,,,,,,poi,0,-109.76971309999999,34.26374645,,228,
,986,,,,,,poi,0,-109.77416312920866,34.28140518313786,,229,
,987,,,,,,poi,0,-109.78547705000001,34.28877264999999,,230,
,988,,,,,,poi,0,-109.77437925000002,34.28313085,,231,
,989,,,,,,poi,0,-109.80984983296003,34.28350311853927,,232,
,990,,,,,,poi,0,-109.77357055000002,34.2862827,,233,
,991,,,,,,poi,0,-109.7667119,34.28218355,,234,
,992,,,,,,poi,0,-109.81978646531692,34.234981432345826,,235,
,993,,,,,,poi,0,-109.75874578278844,34.2777963619145,,236,
,994,,,,,,poi,0,-109.8229154,34.34950135,,237,
,995,,,,,,poi,0,-109.77260147529464,34.347098589345784,,238,
,996,,,,,,poi,0,-109.77350721793874,34.35636757430118,,239,
,997,,,,,,poi,0,-109.77434672148742,34.28000985220859,,240,
,998,,,,,,poi,0,-109.8095234,34.28272585,,241,
,999,,,,,,poi,0,-109.82152213333404,34.3005806499085,,242,
,1000,,,,,,poi,0,-109.8281406,34.2881127,,243,
,1001,,,,,,poi,0,-109.77303295571322,34.280758123319714,,244,
,1002,,,,,,poi,0,-109.8180314216283,34.29122794518829,,245,
,1003,,,,,,poi,0,-109.7753026,34.27625895,,246,
,1004,,,,,,poi,0,-109.77235355538849,34.348342171231906,,247,
