name,poi_id,osm_way_id,osm_relation_id,building,amenity,way,geometry,centroid,area,area_ft2
,0,371591178,,yes,,,"POLYGON ((-109.8022314 34.3349266, -109.8021324 34.3349399, -109.8021209 34.3348817, -109.80222 34.3348683, -109.8022314 34.3349266))",POINT (-109.8021762 34.3349041),60.1,647.3
,1,387351297,,yes,,,"POLYGON ((-109.7452445 34.2358071, -109.7451114 34.235863, -109.7450394 34.2357458, -109.7451726 34.2356899, -109.7452445 34.2358071))",POINT (-109.745142 34.2357764),200.8,2161.6
,2,422809686,,yes,,,"POLYGON ((-109.7646372 34.3406932, -109.7643758 34.3407204, -109.7643608 34.3406224, -109.7646222 34.3405952, -109.7646372 34.3406932))",POINT (-109.764499 34.3406578),264.7,2848.9
,3,371835931,,yes,,,"POLYGON ((-109.770531 34.3492819, -109.7705486 34.3493637, -109.7703494 34.3493929, -109.7703317 34.3493112, -109.770531 34.3492819))",POINT (-109.7704402 34.3493374),170.8,1838.6
,4,385167855,,yes,,,"POLYGON ((-109.7656104 34.2839921, -109.7654848 34.2839806, -109.7655191 34.2837252, -109.7656448 34.2837367, -109.7656104 34.2839921))",POINT (-109.7655648 34.2838586),331.4,3566.9
,5,385167862,,yes,,,"POLYGON ((-109.7706372 34.2769242, -109.7704955 34.2768439, -109.770558 34.2767687, -109.7706996 34.2768489, -109.7706372 34.2769242))",POINT (-109.7705976 34.2768464),159.5,1716.7
,6,371835919,,yes,,,"POLYGON ((-109.7699006 34.3534262, -109.769796 34.3534342, -109.7697844 34.3533306, -109.769889 34.3533227, -109.7699006 34.3534262))",POINT (-109.7698425 34.3533784),111.9,1204.7
,7,385167890,,yes,,,"POLYGON ((-109.771113 34.2851075, -109.7711016 34.2851399, -109.770951 34.2851041, -109.7709624 34.2850716, -109.771113 34.2851075))",POINT (-109.771032 34.2851058),54.4,586.0
Stanford General Store,8,375311902,,yes,,,"POLYGON ((-109.8288027 34.2882797, -109.8284767 34.2883516, -109.8284311 34.2882101, -109.8287571 34.2881383, -109.8288027 34.2882797))",POINT (-109.8286169 34.2882449),505.0,5435.6
,9,376264582,,yes,,,"POLYGON ((-109.8639756 34.3001127, -109.863922 34.3001417, -109.8638787 34.300087, -109.8639322 34.300058, -109.8639756 34.3001127))",POINT (-109.8639271 34.3000999),42.6,459.0
,10,387351299,,yes,,,"POLYGON ((-109.7429773 34.2330163, -109.7427855 34.2331365, -109.7426285 34.2329653, -109.7426926 34.2329251, -109.7427868 34.2330278, -109.7429145 34.2329478, -109.7429773 34.2330163))",POINT (-109.7428025 34.2330269),316.5,3406.9
,11,376067628,,yes,,,"POLYGON ((-109.8288773 34.2908788, -109.8289461 34.2909697, -109.8288016 34.2910443, -109.8287328 34.2909534, -109.8288773 34.2908788))",POINT (-109.8288394 34.2909615),186.6,2008.8
,12,385287240,,yes,,,"POLYGON ((-109.8236203 34.2347572, -109.8236041 34.2346466, -109.8237316 34.2346339, -109.8237478 34.2347444, -109.8236203 34.2347572))",POINT (-109.8236759 34.2346955),144.8,1559.0
,13,376067623,,yes,,,"POLYGON ((-109.8271612 34.2949783, -109.8271407 34.2950294, -109.8270941 34.2950165, -109.8271147 34.2949655, -109.8271612 34.2949783))",POINT (-109.8271277 34.2949974),27.1,291.2
,14,385167881,,yes,,,"POLYGON ((-109.7693047 34.284989, -109.7692815 34.284989, -109.7692814 34.2849631, -109.7693047 34.2849631, -109.7693047 34.284989))",POINT (-109.7692931 34.284976),6.1,65.6
,15,317016303,,yes,,,"POLYGON ((-109.7429523 34.3205028, -109.742877 34.3204716, -109.7429242 34.3203937, -109.7429995 34.3204248, -109.7429523 34.3205028))",POINT (-109.7429383 34.3204482),75.1,808.6
,16,385176027,,yes,,,"POLYGON ((-109.7668966 34.2607998, -109.7666893 34.2608208, -109.7666622 34.2606381, -109.7668695 34.2606171, -109.7668966 34.2607998))",POINT (-109.7667794 34.2607189),390.6,4204.6
,17,385167873,,yes,,,"POLYGON ((-109.7739943 34.2858287, -109.773944 34.2858135, -109.7740227 34.285635, -109.774073 34.2856501, -109.7739943 34.2858287))",POINT (-109.7740085 34.2857318),103.7,1115.9
,18,317016323,,yes,,,"POLYGON ((-109.7465914 34.3522685, -109.7465034 34.3522806, -109.746485 34.3521895, -109.746573 34.3521774, -109.7465914 34.3522685))",POINT (-109.7465382 34.352229),84.0,904.4
,19,385167883,,yes,,,"POLYGON ((-109.771467 34.280162, -109.7713989 34.2801439, -109.7714758 34.2799465, -109.7715439 34.2799647, -109.771467 34.280162))",POINT (-109.7714714 34.2800543),152.2,1637.9
,20,317016331,,yes,,,"POLYGON ((-109.7544093 34.3215311, -109.7545102 34.3216538, -109.754356 34.3217403, -109.7542552 34.3216176, -109.7544093 34.3215311))",POINT (-109.7543827 34.3216357),281.2,3027.2
,21,385176017,,yes,,,"POLYGON ((-109.767053 34.2597329, -109.7669413 34.2597303, -109.7669431 34.2596805, -109.7670547 34.2596831, -109.767053 34.2597329))",POINT (-109.766998 34.2597067),56.9,612.7
,22,371835915,,yes,,,"POLYGON ((-109.7707049 34.3497334, -109.7707085 34.3498986, -109.7706774 34.3498991, -109.770678 34.3499231, -109.770628 34.3499239, -109.7706272 34.3498865, -109.7705865 34.3498871, -109.7705849 34.3498083, -109.7706236 34.3498077, -109.770622 34.3497346, -109.7707049 34.3497334))",POINT (-109.7706542 34.3498281),183.0,1969.9
,23,317016327,,yes,,,"POLYGON ((-109.7441884 34.3547755, -109.7441999 34.3548213, -109.7440048 34.3548547, -109.7439933 34.354809, -109.7441884 34.3547755))",POINT (-109.7440966 34.3548151),95.4,1026.4
,24,385176035,,yes,,,"POLYGON ((-109.7658567 34.2593994, -109.7656331 34.2593894, -109.7656427 34.259243, -109.7658662 34.259253, -109.7658567 34.2593994))",POINT (-109.7657497 34.2593212),334.7,3602.8
,25,385176029,,yes,,,"POLYGON ((-109.7654116 34.259017, -109.765363 34.2590126, -109.7653678 34.258977, -109.7654164 34.2589814, -109.7654116 34.259017))",POINT (-109.7653897 34.258997),17.6,189.2
,26,317016317,,yes,,,"POLYGON ((-109.7403716 34.3207822, -109.7402761 34.3207981, -109.7402586 34.3207263, -109.740354 34.3207104, -109.7403716 34.3207822))",POINT (-109.7403151 34.3207543),72.8,783.2
,27,317016339,,yes,,,"POLYGON ((-109.7535184 34.3213621, -109.7534738 34.3214126, -109.7532985 34.3213067, -109.7533431 34.3212563, -109.7535184 34.3213621))",POINT (-109.7534085 34.3213344),138.7,1492.8
,28,317016302,,yes,,,"POLYGON ((-109.7507079 34.3525443, -109.7507942 34.3526024, -109.7507268 34.3526707, -109.7506405 34.3526127, -109.7507079 34.3525443))",POINT (-109.7507173 34.3526075),100.5,1081.6
,29,385176041,,yes,,,"POLYGON ((-109.7739683 34.2802301, -109.773886 34.2801533, -109.7738972 34.2801452, -109.7738237 34.2800766, -109.7739107 34.280013, -109.7739876 34.2800848, -109.7739642 34.2801019, -109.774043 34.2801755, -109.7739683 34.2802301))",POINT (-109.7739339 34.2801207),214.6,2309.9
,30,375257667,,yes,,,"POLYGON ((-109.8148227 34.3459623, -109.8147533 34.345967, -109.8147499 34.3459328, -109.8148193 34.3459281, -109.8148227 34.3459623))",POINT (-109.8147863 34.3459475),24.5,263.4
,31,312655092,,yes,,,"POLYGON ((-109.8236223 34.3515301, -109.8234886 34.3515347, -109.8234858 34.3513461, -109.8236251 34.3513369, -109.8236335 34.3514174, -109.8236753 34.3514174, -109.8236781 34.3514795, -109.8236195 34.3514818, -109.8236223 34.3515301))",POINT (-109.8235671 34.351437),302.8,3259.7
,32,371835930,,yes,,,"POLYGON ((-109.7666082 34.3555435, -109.7665463 34.3555434, -109.7665464 34.3555004, -109.7666083 34.3555005, -109.7666082 34.3555435))",POINT (-109.7665773 34.3555219),27.4,294.5
,33,385167876,,yes,,,"POLYGON ((-109.7711595 34.2849737, -109.7711199 34.2850875, -109.7709863 34.2850557, -109.7710259 34.2849419, -109.7711595 34.2849737))",POINT (-109.7710729 34.2850147),168.4,1812.4
,34,376067635,,yes,,,"POLYGON ((-109.8246985 34.2902272, -109.8245948 34.2902621, -109.8245411 34.2901533, -109.8246448 34.2901183, -109.8246985 34.2902272))",POINT (-109.8246198 34.2901902),134.9,1451.6
,35,312655075,,yes,,,"POLYGON ((-109.8234802 34.3513, -109.8234774 34.3512264, -109.8234106 34.3512264, -109.8234106 34.3513023, -109.8234802 34.3513))",POINT (-109.8234445 34.351264),52.3,563.0
,36,385167874,,yes,,,"POLYGON ((-109.7605439 34.2825291, -109.7605168 34.2825115, -109.7605712 34.2824542, -109.7605983 34.2824717, -109.7605439 34.2825291))",POINT (-109.7605575 34.2824916),25.6,275.8
,37,371835936,,yes,,,"POLYGON ((-109.7714754 34.3483805, -109.7713656 34.3483895, -109.7713438 34.3482069, -109.7714535 34.348198, -109.7714754 34.3483805))",POINT (-109.7714096 34.3482937),206.0,2217.6
,38,385176040,,yes,,,"POLYGON ((-109.7784484 34.2746771, -109.7783918 34.2746718, -109.7783978 34.2746282, -109.7783651 34.2746251, -109.7783716 34.2745777, -109.7784043 34.2745807, -109.7784205 34.2744622, -109.7784771 34.2744675, -109.7784484 34.2746771))",POINT (-109.7784287 34.2745735),139.1,1497.4
,39,385120960,,yes,,,"POLYGON ((-109.7152982 34.2431732, -109.7152344 34.2431674, -109.7152429 34.243104, -109.7153067 34.2431099, -109.7152982 34.2431732))",POINT (-109.7152705 34.2431386),41.4,445.6
,40,375604370,,yes,,,"POLYGON ((-109.8172465 34.3198308, -109.817276 34.3197832, -109.8173167 34.3198003, -109.8172872 34.319848, -109.8172465 34.3198308))",POINT (-109.8172816 34.3198156),24.7,266.3
,41,385176025,,yes,,,"POLYGON ((-109.7696903 34.2549434, -109.7696208 34.2549474, -109.769616 34.2548907, -109.7696855 34.2548867, -109.7696903 34.2549434))",POINT (-109.7696531 34.2549171),40.5,436.2
,42,312655086,,yes,,,"POLYGON ((-109.8259224 34.3491644, -109.8259212 34.3490766, -109.8258881 34.3490756, -109.8258893 34.3491605, -109.8259224 34.3491644))",POINT (-109.8259053 34.3491193),28.6,308.1
,43,317016316,,yes,,,"POLYGON ((-109.7392319 34.3373186, -109.73931 34.3374039, -109.7391718 34.3374902, -109.7390937 34.3374049, -109.7392319 34.3373186))",POINT (-109.7392019 34.3374044),189.8,2042.7
,44,376067629,,yes,,,"POLYGON ((-109.723793 34.3381291, -109.7237439 34.3381247, -109.7237475 34.338097, -109.7237966 34.3381014, -109.723793 34.3381291))",POINT (-109.7237703 34.338113),13.9,149.2
,45,385167887,,yes,,,"POLYGON ((-109.7739714 34.2862532, -109.7737467 34.2861881, -109.7737862 34.286095, -109.7740109 34.2861601, -109.7739714 34.2862532))",POINT (-109.7738788 34.2861741),239.1,2574.0
,46,312655089,,yes,,,"POLYGON ((-109.8159302 34.3473288, -109.8158743 34.347332, -109.8158711 34.347294, -109.815927 34.3472907, -109.8159302 34.3473288))",POINT (-109.8159007 34.3473114),22.0,236.5
,47,385167866,,yes,,,"POLYGON ((-109.7574322 34.2792159, -109.7574239 34.2792849, -109.7572951 34.2792744, -109.7573033 34.2792053, -109.7574322 34.2792159))",POINT (-109.7573636 34.2792451),92.1,991.8
,48,385167886,,yes,,,"POLYGON ((-109.7662802 34.2838975, -109.7662607 34.284002, -109.7660375 34.2839736, -109.7660569 34.2838691, -109.7662802 34.2838975))",POINT (-109.7661588 34.2839355),243.8,2624.3
,49,385167868,,yes,,,"POLYGON ((-109.77995 34.2699946, -109.7798091 34.2700889, -109.7797402 34.2700186, -109.7798812 34.2699243, -109.77995 34.2699946))",POINT (-109.7798451 34.2700066),167.7,1804.9
,50,385167848,,yes,,,"POLYGON ((-109.7670035 34.2859331, -109.7669608 34.2859296, -109.7669729 34.2858276, -109.7670156 34.2858311, -109.7670035 34.2859331))",POINT (-109.7669882 34.2858803),45.6,491.3
,51,317016336,,yes,,,"POLYGON ((-109.7441049 34.3528748, -109.7441238 34.3527761, -109.7442643 34.3527944, -109.7442454 34.3528931, -109.7441049 34.3528748))",POINT (-109.7441846 34.3528346),145.4,1565.0
,52,376067638,,yes,,,"POLYGON ((-109.8194357 34.2913429, -109.8194106 34.2913688, -109.8193631 34.2913374, -109.8193881 34.2913115, -109.8194357 34.2913429))",POINT (-109.8193994 34.2913402),20.5,220.9
,53,385167856,,yes,,,"POLYGON ((-109.7806928 34.2699344, -109.7805349 34.2699929, -109.780503 34.2699341, -109.7806609 34.2698756, -109.7806928 34.2699344))",POINT (-109.7805979 34.2699342),113.8,1224.4
,54,371835959,,yes,,,"POLYGON ((-109.7673008 34.3490795, -109.7673065 34.348952, -109.7673934 34.3489547, -109.7673918 34.348991, -109.7674212 34.3489919, -109.7674195 34.3490285, -109.7673901 34.3490276, -109.7673876 34.3490822, -109.7673008 34.3490795))",POINT (-109.7673523 34.3490164),123.9,1333.2
,55,385167871,,yes,,,"POLYGON ((-109.7686845 34.2842901, -109.7685225 34.284284, -109.7685282 34.28418, -109.7686903 34.284186, -109.7686845 34.2842901))",POINT (-109.7686064 34.284235),172.4,1855.9
,56,371835951,,yes,,,"POLYGON ((-109.776926 34.356261, -109.7769656 34.3562069, -109.7769886 34.3562184, -109.7769491 34.3562725, -109.776926 34.356261))",POINT (-109.7769573 34.3562397),17.4,187.4
,57,371591180,,yes,,,"POLYGON ((-109.7991561 34.3357941, -109.7991117 34.3358282, -109.7990645 34.3357862, -109.7991089 34.3357521, -109.7991561 34.3357941))",POINT (-109.7991103 34.3357901),35.6,382.8
,58,385176034,,yes,,,"POLYGON ((-109.774204 34.2826698, -109.7740793 34.2827331, -109.7739496 34.2825589, -109.7740743 34.2824955, -109.774204 34.2826698))",POINT (-109.7740768 34.2826143),305.8,3291.7
,59,387351296,,yes,,,"POLYGON ((-109.7468766 34.2399849, -109.7466864 34.2399849, -109.7466864 34.239967, -109.7465982 34.239967, -109.7465982 34.2399337, -109.7465626 34.2399337, -109.7465626 34.2398762, -109.7465982 34.2398762, -109.7465982 34.2398455, -109.7467807 34.2398455, -109.7467807 34.2398685, -109.7468766 34.2398685, -109.7468766 34.2399849))",POINT (-109.7467274 34.2399155),379.0,4079.6
,60,385167885,,yes,,,"POLYGON ((-109.7733859 34.2801232, -109.7732118 34.2801867, -109.7731707 34.2801098, -109.773252 34.2800801, -109.7732373 34.2800527, -109.7732946 34.2800317, -109.7733093 34.2800591, -109.7733447 34.2800462, -109.7733859 34.2801232))",POINT (-109.7732778 34.2801101),182.8,1968.0
,61,512397321,,yes,,,"POLYGON ((-109.7814041 34.2882661, -109.7812043 34.2882318, -109.7812266 34.2881433, -109.7814264 34.2881776, -109.7814041 34.2882661))",POINT (-109.7813153 34.2882047),188.3,2026.8
,62,385176036,,yes,,,"POLYGON ((-109.7787514 34.2749565, -109.7786794 34.2749559, -109.778681 34.2748175, -109.778753 34.2748181, -109.7787514 34.2749565))",POINT (-109.7787162 34.274887),101.3,1090.5
,63,375706545,,yes,,,"POLYGON ((-109.7948207 34.3162349, -109.7946747 34.316245, -109.7946634 34.3161339, -109.7948094 34.3161237, -109.7948207 34.3162349))",POINT (-109.7947421 34.3161844),167.3,1801.0
,64,371835953,,yes,,,"POLYGON ((-109.765226 34.348196, -109.7653301 34.3481949, -109.7653321 34.3483192, -109.7652279 34.3483203, -109.765226 34.348196))",POINT (-109.765279 34.3482576),131.8,1418.7
,65,312655078,,yes,,,"POLYGON ((-109.8259248 34.3490073, -109.8259259 34.3489507, -109.8258787 34.3489498, -109.8258775 34.3490063, -109.8259248 34.3490073))",POINT (-109.8259017 34.3489785),27.7,298.5
,66,375878590,,yes,,,"POLYGON ((-109.8107527 34.2828462, -109.8106464 34.2828157, -109.8107561 34.2825547, -109.8108624 34.2825852, -109.8107527 34.2828462))",POINT (-109.8107544 34.2827004),317.6,3418.2
,67,385176015,,yes,,,"POLYGON ((-109.7703826 34.2541128, -109.7702519 34.2541115, -109.7702523 34.2540858, -109.7702214 34.2540855, -109.7702242 34.2538936, -109.7703858 34.2538952, -109.7703849 34.2539552, -109.770407 34.2539555, -109.7704051 34.2540833, -109.770383 34.2540831, -109.7703826 34.2541128))",POINT (-109.7703118 34.2540024),379.7,4086.9
,68,317016319,,yes,,,"POLYGON ((-109.7464521 34.3547031, -109.7464512 34.3547408, -109.7463797 34.3547396, -109.7463806 34.3547019, -109.7464521 34.3547031))",POINT (-109.7464159 34.3547213),27.5,296.2
,69,371835960,,yes,,,"POLYGON ((-109.7681584 34.3481369, -109.768209 34.3481639, -109.7681106 34.3482898, -109.7680599 34.3482628, -109.7680737 34.3482452, -109.7680543 34.3482348, -109.7680928 34.3481856, -109.7681122 34.348196, -109.7681584 34.3481369))",POINT (-109.7681278 34.3482136),106.4,1144.7
,70,317016301,,yes,,,"POLYGON ((-109.7411139 34.3207964, -109.741053 34.3207964, -109.741053 34.320702, -109.7411139 34.320702, -109.7411139 34.3207964))",POINT (-109.7410835 34.3207492),58.8,632.9
,71,371835935,,yes,,,"POLYGON ((-109.7618677 34.3480582, -109.7618533 34.3479984, -109.761898 34.347991, -109.7619125 34.3480508, -109.7618677 34.3480582))",POINT (-109.7618829 34.3480246),28.4,305.4
,72,317016335,,yes,,,"POLYGON ((-109.741225 34.3350832, -109.7410899 34.3351901, -109.7409942 34.3351076, -109.7411293 34.3350007, -109.741225 34.3350832))",POINT (-109.7411096 34.3350954),218.7,2353.6
,73,371835926,,yes,,,"POLYGON ((-109.7778177 34.357135, -109.777703 34.3571869, -109.7778177 34.357135, -109.7778177 34.357135))",POINT (-109.7777603 34.357161),0.0,0.0
,74,317016300,,yes,,,"POLYGON ((-109.7475079 34.3541993, -109.747373 34.3542018, -109.7473702 34.3540981, -109.747505 34.3540956, -109.7475079 34.3541993))",POINT (-109.747439 34.3541487),142.7,1535.9
,75,385167870,,yes,,,"POLYGON ((-109.7797496 34.2689827, -109.779691 34.2689831, -109.7796889 34.2688058, -109.7797476 34.2688054, -109.7797496 34.2689827))",POINT (-109.7797193 34.2688942),106.1,1142.3
,76,385176016,,yes,,,"POLYGON ((-109.7699098 34.2552175, -109.7698172 34.2552338, -109.769823 34.255256, -109.7697644 34.2552663, -109.7697587 34.2552442, -109.7696929 34.2552558, -109.7696728 34.2551779, -109.769787 34.2551578, -109.7697774 34.2551207, -109.7698267 34.2551121, -109.7698363 34.2551491, -109.7698897 34.2551397, -109.7699098 34.2552175))",POINT (-109.7697927 34.2551954),213.2,2294.9
,77,385176019,,yes,,,"POLYGON ((-109.7656094 34.2592675, -109.7655536 34.2593084, -109.7654941 34.2592529, -109.76555 34.259212, -109.7656094 34.2592675))",POINT (-109.7655518 34.2592602),57.0,613.6
,78,317016326,,yes,,,"POLYGON ((-109.7421633 34.3350942, -109.7420625 34.335165, -109.741991 34.3350955, -109.7420919 34.3350248, -109.7421633 34.3350942))",POINT (-109.7420772 34.3350949),123.1,1324.9
,79,317016324,,yes,,,"POLYGON ((-109.7376889 34.3408927, -109.7375047 34.3411152, -109.7373403 34.3410224, -109.7375245 34.3407999, -109.7376889 34.3408927))",POINT (-109.7375146 34.3409575),547.8,5896.7
,80,385167880,,yes,,,"POLYGON ((-109.7718525 34.2821809, -109.7718043 34.2822827, -109.7715817 34.2822108, -109.7716298 34.282109, -109.7718525 34.2821809))",POINT (-109.7717171 34.2821958),266.2,2865.8
,81,385176037,,yes,,,"POLYGON ((-109.7726347 34.2812399, -109.7726832 34.2810963, -109.7728275 34.2811296, -109.7728128 34.2811734, -109.7727896 34.2811681, -109.7727559 34.2812678, -109.7726347 34.2812399))",POINT (-109.7727244 34.2811802),203.1,2186.3
,82,376067640,,yes,,,"POLYGON ((-109.8183128 34.2911636, -109.8182057 34.2910877, -109.8182665 34.2910291, -109.8183044 34.2910559, -109.8183779 34.290985, -109.8184472 34.2910341, -109.8183128 34.2911636))",POINT (-109.8183275 34.2910738),198.5,2136.6
,83,385120956,,yes,,,"POLYGON ((-109.7157761 34.2427836, -109.7156446 34.2427871, -109.7156366 34.2425814, -109.7157681 34.2425779, -109.7157761 34.2427836))",POINT (-109.7157063 34.2426825),276.2,2972.6
,84,385167878,,yes,,,"POLYGON ((-109.7831189 34.2709677, -109.78293 34.2709606, -109.7829357 34.2708563, -109.7831246 34.2708634, -109.7831189 34.2709677))",POINT (-109.7830273 34.270912),200.5,2158.2
,85,385176028,,yes,,,"POLYGON ((-109.7788982 34.2750382, -109.7788058 34.2750355, -109.7788249 34.27459, -109.7789173 34.2745927, -109.7788982 34.2750382))",POINT (-109.7788616 34.2748141),420.4,4525.3
,86,371835918,,yes,,,"POLYGON ((-109.7762294 34.3563048, -109.7761988 34.3563798, -109.7759981 34.356324, -109.7760287 34.356249, -109.7762294 34.3563048))",POINT (-109.7761137 34.3563144),171.6,1846.9
,87,371835957,,yes,,,"POLYGON ((-109.7699064 34.3538182, -109.7699116 34.3538589, -109.7697109 34.3538764, -109.7697056 34.3538357, -109.7699064 34.3538182))",POINT (-109.7698086 34.3538473),84.2,906.9
,88,385167884,,yes,,,"POLYGON ((-109.7799824 34.2698892, -109.7798893 34.2699026, -109.7798753 34.2698362, -109.7799684 34.2698228, -109.7799824 34.2698892))",POINT (-109.7799289 34.2698627),64.3,692.0
,89,371591182,,yes,,,"POLYGON ((-109.7993439 34.3359068, -109.7992624 34.3359171, -109.7992515 34.335858, -109.799333 34.3358478, -109.7993439 34.3359068))",POINT (-109.7992977 34.3358824),50.3,541.2
,90,317016305,,yes,,,"POLYGON ((-109.750714 34.355128, -109.7507324 34.354961, -109.7507905 34.3549653, -109.7507721 34.3551323, -109.750714 34.355128))",POINT (-109.7507522 34.3550467),98.9,1064.5
,91,385120958,,yes,,,"POLYGON ((-109.7158772 34.2432131, -109.7157853 34.2432172, -109.7157768 34.2430882, -109.7158686 34.2430841, -109.7158772 34.2432131))",POINT (-109.715827 34.2431507),121.9,1312.7
,92,385287238,,yes,,,"POLYGON ((-109.8206311 34.2361205, -109.8204168 34.2361169, -109.8204209 34.2359527, -109.8206351 34.2359563, -109.8206311 34.2361205))",POINT (-109.820526 34.2360366),360.5,3880.6
,93,376067630,,yes,,,"POLYGON ((-109.8230923 34.2969205, -109.8231747 34.2969885, -109.8230955 34.2970539, -109.8230131 34.2969859, -109.8230923 34.2969205))",POINT (-109.8230939 34.2969872),110.2,1186.3
,94,385287239,,yes,,,"POLYGON ((-109.8247267 34.2348661, -109.8245767 34.2348828, -109.8245583 34.2347703, -109.8247083 34.2347535, -109.8247267 34.2348661))",POINT (-109.8246425 34.2348182),175.7,1891.5
,95,371835923,,yes,,,"POLYGON ((-109.7714446 34.3525945, -109.7714558 34.3526761, -109.7713709 34.3526841, -109.7713597 34.3526024, -109.7714446 34.3525945))",POINT (-109.7714077 34.3526393),71.1,765.3
,96,385167854,,yes,,,"POLYGON ((-109.769945 34.2769811, -109.7700061 34.2768938, -109.7703138 34.277041, -109.7702526 34.2771283, -109.769945 34.2769811))",POINT (-109.7701294 34.2770111),364.7,3925.1
,97,317016332,,yes,,,"POLYGON ((-109.7442036 34.3548215, -109.7442122 34.3548569, -109.7440121 34.3548904, -109.7440034 34.354855, -109.7442036 34.3548215))",POINT (-109.7441078 34.3548559),75.7,814.6
,98,371835958,,yes,,,"POLYGON ((-109.7720076 34.3483016, -109.7719223 34.3483069, -109.7719124 34.3481975, -109.7718697 34.3482002, -109.7718633 34.3481293, -109.7719912 34.3481214, -109.7720076 34.3483016))",POINT (-109.7719454 34.3482058),188.2,2025.6
,99,375878591,,yes,,,"POLYGON ((-109.8096633 34.2825039, -109.8095356 34.2824673, -109.8096463 34.2822039, -109.8097741 34.2822406, -109.8096633 34.2825039))",POINT (-109.8096548 34.2823539),383.5,4127.5
,100,371835937,,yes,,,"POLYGON ((-109.7736698 34.3463772, -109.7735293 34.346379, -109.7735274 34.3462738, -109.7736678 34.3462721, -109.7736698 34.3463772))",POINT (-109.7735986 34.3463255),151.5,1631.2
,101,385176046,,yes,,,"POLYGON ((-109.7685597 34.2549571, -109.7685351 34.2550657, -109.7686164 34.2550783, -109.7686093 34.2551094, -109.7684904 34.255091, -109.7684977 34.2550584, -109.7684589 34.2550524, -109.7684832 34.2549453, -109.7685597 34.2549571))",POINT (-109.768523 34.2550298),126.5,1361.6
,102,385167846,,yes,,,"POLYGON ((-109.7740172 34.2850553, -109.7738054 34.2850849, -109.7737919 34.285019, -109.7738399 34.2850123, -109.7738275 34.2849517, -109.7737795 34.2849584, -109.7737638 34.2848817, -109.7739356 34.2848577, -109.7739449 34.2849036, -109.773985 34.284898, -109.7740172 34.2850553))",POINT (-109.7738933 34.2849716),402.3,4330.7
,103,317016318,,yes,,,"POLYGON ((-109.7478021 34.3514916, -109.7475937 34.3514511, -109.7476264 34.3513363, -109.7478349 34.3513768, -109.7478021 34.3514916))",POINT (-109.7477143 34.3514139),256.9,2765.0
,104,385176031,,yes,,,"POLYGON ((-109.7745277 34.2829671, -109.7744564 34.2829651, -109.774462 34.2828281, -109.7745333 34.2828301, -109.7745277 34.2829671))",POINT (-109.7744948 34.2828976),99.7,1072.8
,105,371591175,,yes,,,"POLYGON ((-109.8017299 34.3358012, -109.8016298 34.3358068, -109.8016232 34.3357264, -109.8017233 34.3357208, -109.8017299 34.3358012))",POINT (-109.8016765 34.3357638),82.7,890.5
,106,385167877,,yes,,,"POLYGON ((-109.7808637 34.2681574, -109.7808652 34.2682643, -109.7805252 34.2682677, -109.7805236 34.2681607, -109.7808637 34.2681574))",POINT (-109.7806944 34.2682125),370.9,3992.8
,107,385287241,,yes,,,"POLYGON ((-109.8226249 34.2357118, -109.8225194 34.2357096, -109.8225235 34.2355756, -109.822629 34.2355777, -109.8226249 34.2357118))",POINT (-109.8225742 34.2356437),144.1,1551.6
,108,385167888,,yes,,,"POLYGON ((-109.7724407 34.284666, -109.7724468 34.2847903, -109.7722485 34.284797, -109.7722423 34.2846727, -109.7724407 34.284666))",POINT (-109.7723446 34.2847315),252.2,2715.0
,109,375369384,,yes,,,"POLYGON ((-109.811367 34.2912404, -109.8112834 34.2912996, -109.8111718 34.291192, -109.8112053 34.2911682, -109.8111869 34.2911505, -109.811237 34.291115, -109.811367 34.2912404))",POINT (-109.8112651 34.2912095),175.4,1888.3
,110,317016311,,yes,,,"POLYGON ((-109.7476795 34.3550445, -109.7475385 34.3552418, -109.7474107 34.3551796, -109.7475517 34.3549822, -109.7476795 34.3550445))",POINT (-109.7475451 34.355112),347.4,3739.7
,111,385176026,,yes,,,"POLYGON ((-109.7786127 34.2750105, -109.778603 34.2750642, -109.7784642 34.2750471, -109.7784739 34.2749934, -109.7786127 34.2750105))",POINT (-109.7785384 34.2750288),78.1,840.8
,112,375604371,,yes,,,"POLYGON ((-109.8269171 34.3170355, -109.8268991 34.3170779, -109.8267824 34.3170442, -109.8268003 34.3170018, -109.8269171 34.3170355))",POINT (-109.8268497 34.3170398),56.6,609.6
,113,312655091,,yes,,,"POLYGON ((-109.8215889 34.3506694, -109.8215875 34.3505736, -109.8214736 34.3505748, -109.8214743 34.3506262, -109.8215224 34.3506258, -109.8215231 34.35067, -109.8215889 34.3506694))",POINT (-109.8215391 34.3506157),89.4,962.6
,114,375604369,,yes,,,"POLYGON ((-109.8245225 34.3172471, -109.8242659 34.3172754, -109.8242474 34.317161, -109.824504 34.3171326, -109.8245225 34.3172471))",POINT (-109.824385 34.317204),305.0,3282.9
,115,385167882,,yes,,,"POLYGON ((-109.7813384 34.269829, -109.7812093 34.2698352, -109.7811992 34.2696914, -109.7813283 34.2696852, -109.7813384 34.269829))",POINT (-109.7812688 34.2697602),189.1,2035.2
,116,371835945,,yes,,,"POLYGON ((-109.7742173 34.3553056, -109.7741144 34.3553344, -109.7740435 34.355162, -109.7741463 34.3551332, -109.7742173 34.3553056))",POINT (-109.7741304 34.3552338),201.5,2168.4
,117,385167872,,yes,,,"POLYGON ((-109.7678394 34.2855602, -109.7677805 34.2855167, -109.7679485 34.2853612, -109.7680074 34.2854047, -109.7678394 34.2855602))",POINT (-109.7678939 34.2854607),167.8,1806.6
,118,371591181,,yes,,,"POLYGON ((-109.8039881 34.3423579, -109.8039008 34.342434, -109.8038068 34.3423604, -109.8038941 34.3422844, -109.8039881 34.3423579))",POINT (-109.8038975 34.3423592),138.7,1493.0
,119,371591177,,yes,,,"POLYGON ((-109.8042285 34.3385002, -109.8040768 34.3385029, -109.8040749 34.3384323, -109.8042267 34.3384296, -109.8042285 34.3385002))",POINT (-109.8041517 34.3384662),108.9,1171.7
,120,317016330,,yes,,,"POLYGON ((-109.7452178 34.3320282, -109.7450658 34.3321453, -109.7450074 34.3320937, -109.7451594 34.3319765, -109.7452178 34.3320282))",POINT (-109.7451126 34.3320609),149.1,1604.5
,121,385120959,,yes,,,"POLYGON ((-109.7150738 34.2423722, -109.7149267 34.2423867, -109.7148986 34.2421909, -109.7150457 34.2421765, -109.7150738 34.2423722))",POINT (-109.7149862 34.2422816),296.6,3192.2
,122,375878595,,yes,,,"POLYGON ((-109.8101608 34.282718, -109.8101081 34.2827566, -109.8100192 34.2826738, -109.8100719 34.2826352, -109.8101608 34.282718))",POINT (-109.81009 34.2826959),79.4,854.9
,123,385287235,,yes,,,"POLYGON ((-109.8277345 34.2297246, -109.8276157 34.2297155, -109.8276352 34.2297396, -109.8275684 34.2297765, -109.8275188 34.229715, -109.8275857 34.2296782, -109.8275971 34.2296924, -109.827617 34.2295152, -109.8277874 34.2295282, -109.8277745 34.2296428, -109.827744 34.2296404, -109.8277345 34.2297246))",POINT (-109.827669 34.2296331),380.2,4092.1
,124,385287244,,yes,,,"POLYGON ((-109.825677 34.234722, -109.8254885 34.234846, -109.8253997 34.2347537, -109.8254551 34.2347172, -109.8254314 34.2346925, -109.8255456 34.2346174, -109.8255945 34.2346683, -109.8256133 34.2346559, -109.825677 34.234722))",POINT (-109.8255316 34.23473),329.3,3544.2
,125,385120957,,yes,,,"POLYGON ((-109.7148731 34.2417352, -109.7146604 34.2416788, -109.7147364 34.241483, -109.7149491 34.2415394, -109.7148731 34.2417352))",POINT (-109.7148048 34.2416091),467.3,5030.2
,126,385176045,,yes,,,"POLYGON ((-109.7749486 34.2764889, -109.7748888 34.2763985, -109.774904 34.2763916, -109.7748815 34.2763576, -109.7749412 34.2763306, -109.7749637 34.2763646, -109.7750205 34.276339, -109.7750803 34.2764294, -109.7749486 34.2764889))",POINT (-109.7749755 34.2764062),184.8,1989.4
,127,317016338,,yes,,,"POLYGON ((-109.7536785 34.3221489, -109.7537976 34.3220762, -109.7539594 34.3222569, -109.7538403 34.3223296, -109.7536785 34.3221489))",POINT (-109.7538189 34.3222029),340.7,3667.2
,128,385167853,,yes,,,"POLYGON ((-109.7818995 34.2710316, -109.7818331 34.2709731, -109.7819733 34.2708643, -109.7820398 34.2709228, -109.7818995 34.2710316))",POINT (-109.7819364 34.2709479),156.7,1686.8
,129,371835940,,yes,,,"POLYGON ((-109.7698832 34.3536047, -109.7698175 34.3536038, -109.7698194 34.3535097, -109.7698851 34.3535107, -109.7698832 34.3536047))",POINT (-109.7698513 34.3535572),63.0,678.3
,130,387351298,,yes,,,"POLYGON ((-109.7432419 34.2326583, -109.7432723 34.2327148, -109.7431609 34.2327557, -109.7431306 34.2326992, -109.7432419 34.2326583))",POINT (-109.7432014 34.232707),76.9,827.3
,131,376067624,,yes,,,"POLYGON ((-109.8267261 34.2935534, -109.8265917 34.2936237, -109.8265193 34.2935293, -109.8266537 34.293459, -109.8267261 34.2935534))",POINT (-109.8266227 34.2935413),181.5,1953.7
,132,385176030,,yes,,,"POLYGON ((-109.7786079 34.2749077, -109.7785977 34.274956, -109.7784701 34.2749376, -109.7784803 34.2748893, -109.7786079 34.2749077))",POINT (-109.778539 34.2749226),65.3,703.4
,133,317016314,,yes,,,"POLYGON ((-109.7593816 34.3570587, -109.7592963 34.3571604, -109.7592239 34.357119, -109.7593091 34.3570173, -109.7593816 34.3570587))",POINT (-109.7593027 34.3570888),111.3,1197.5
,134,312655080,,yes,,,"POLYGON ((-109.8161507 34.3473591, -109.8160523 34.3473582, -109.8160533 34.3472822, -109.8161517 34.3472831, -109.8161507 34.3473591))",POINT (-109.816102 34.3473207),77.4,832.7
,135,317016293,,yes,,,"POLYGON ((-109.7576862 34.3563797, -109.7575567 34.3564118, -109.7575438 34.3563763, -109.7576733 34.3563443, -109.7576862 34.3563797))",POINT (-109.757615 34.356378),51.3,551.8
,136,385167893,,yes,,,"POLYGON ((-109.7574689 34.2791337, -109.7574732 34.279098, -109.7575452 34.2791039, -109.7575409 34.2791396, -109.7575713 34.2791421, -109.7575617 34.2792217, -109.7573852 34.2792073, -109.7573947 34.2791277, -109.7574689 34.2791337))",POINT (-109.7574827 34.279166),172.2,1853.9
,137,385167859,,yes,,,"POLYGON ((-109.7829815 34.2718689, -109.7829032 34.2719257, -109.7827372 34.2717696, -109.7828155 34.2717128, -109.7829815 34.2718689))",POINT (-109.7828593 34.2718193),221.0,2378.3
,138,385176018,,yes,,,"POLYGON ((-109.7692614 34.2564748, -109.7690798 34.2564701, -109.769084 34.2563571, -109.7692656 34.2563618, -109.7692614 34.2564748))",POINT (-109.7691727 34.256416),210.6,2267.1
,139,317016313,,yes,,,"POLYGON ((-109.741206 34.3354353, -109.741069 34.335528, -109.7410097 34.3354683, -109.7411468 34.3353756, -109.741206 34.3354353))",POINT (-109.7411079 34.3354518),139.1,1497.7
,140,317016310,,yes,,,"POLYGON ((-109.7399291 34.3183092, -109.7397655 34.3183092, -109.7397655 34.3182027, -109.7399291 34.3182027, -109.7399291 34.3183092))",POINT (-109.7398473 34.318256),177.7,1913.3
,141,317016297,,yes,,,"POLYGON ((-109.7516305 34.3559554, -109.7517808 34.3559596, -109.7517747 34.3561089, -109.7516244 34.3561047, -109.7516305 34.3559554))",POINT (-109.7517026 34.3560322),228.6,2460.8
,142,371591173,,yes,,,"POLYGON ((-109.800935 34.3441739, -109.8009136 34.3441754, -109.8009158 34.3441976, -109.8008493 34.3442021, -109.800847 34.3441799, -109.8007354 34.3441875, -109.8007283 34.3441169, -109.8008309 34.3441099, -109.8008256 34.3440563, -109.8009095 34.3440506, -109.8009148 34.3441042, -109.800928 34.3441033, -109.800935 34.3441739))",POINT (-109.800844 34.344134),206.7,2224.5
,143,385167891,,yes,,,"POLYGON ((-109.7822359 34.2677459, -109.7823061 34.2676835, -109.7824761 34.2678139, -109.7824059 34.2678764, -109.7822359 34.2677459))",POINT (-109.782356 34.2677799),202.0,2174.0
,144,385287243,,yes,,,"POLYGON ((-109.8242181 34.2349431, -109.8242151 34.2350148, -109.8240956 34.2350115, -109.8240985 34.2349398, -109.8242181 34.2349431))",POINT (-109.8241568 34.2349773),87.0,936.7
,145,376264581,,yes,,,"POLYGON ((-109.8715982 34.305547, -109.8714818 34.3055291, -109.8714926 34.3054812, -109.871609 34.3054991, -109.8715982 34.305547))",POINT (-109.8715454 34.3055141),58.7,631.9
,146,375878596,,yes,,,"POLYGON ((-109.8093256 34.2832953, -109.8092185 34.2832646, -109.8093309 34.2829969, -109.8094381 34.2830277, -109.8093256 34.2832953))",POINT (-109.8093283 34.2831461),329.1,3542.1
,147,385167889,,yes,,,"POLYGON ((-109.7689897 34.2753822, -109.7687589 34.2753755, -109.7687628 34.2752852, -109.7689935 34.2752919, -109.7689897 34.2753822))",POINT (-109.7688762 34.2753337),213.8,2301.6
,148,375369382,,yes,,,"POLYGON ((-109.8116316 34.2912056, -109.8115877 34.2910488, -109.8117007 34.2910272, -109.8117447 34.291184, -109.8116316 34.2912056))",POINT (-109.8116662 34.2911164),189.8,2043.4
,149,371835933,,yes,,,"POLYGON ((-109.7709131 34.348998, -109.7707411 34.3489957, -109.7707428 34.3489101, -109.7709147 34.3489124, -109.7709131 34.348998))",POINT (-109.7708279 34.3489541),150.1,1616.1
,150,385167857,,yes,,,"POLYGON ((-109.772738 34.2802757, -109.7726295 34.280278, -109.7726255 34.2801476, -109.772734 34.2801453, -109.772738 34.2802757))",POINT (-109.7726818 34.2802117),144.6,1556.5
,151,385176022,,yes,,,"POLYGON ((-109.7740968 34.2819462, -109.7739343 34.2819984, -109.7738969 34.2819189, -109.7740593 34.2818667, -109.7740968 34.2819462))",POINT (-109.7739968 34.2819326),151.6,1631.5
,152,312655082,,yes,,,"POLYGON ((-109.8239493 34.3544873, -109.8238885 34.3544999, -109.8238657 34.3544016, -109.8239239 34.354389, -109.8239493 34.3544873))",POINT (-109.823907 34.3544448),63.0,678.4
,153,385287234,,yes,,,"POLYGON ((-109.8303594 34.2289716, -109.830219 34.2288697, -109.8302581 34.2288329, -109.8302114 34.228799, -109.8302747 34.2287394, -109.8303029 34.2287599, -109.8303421 34.228723, -109.8304536 34.2288039, -109.8303821 34.2288712, -109.8304295 34.2289056, -109.8303594 34.2289716))",POINT (-109.8303316 34.2288401),344.0,3702.3
,154,317016312,,yes,,,"POLYGON ((-109.7372923 34.341373, -109.73708 34.3415075, -109.7370131 34.3414356, -109.7372254 34.3413011, -109.7372923 34.341373))",POINT (-109.7371527 34.3414043),246.2,2650.3
,155,317016337,,yes,,,"POLYGON ((-109.7378245 34.3187548, -109.7378245 34.3188951, -109.7377333 34.3188951, -109.7377333 34.3187548, -109.7378245 34.3187548))",POINT (-109.7377789 34.3188249),131.0,1410.5
,156,312655084,,yes,,,"POLYGON ((-109.8237263 34.3545459, -109.8234528 34.3545835, -109.82343 34.3545061, -109.8237086 34.3544643, -109.8237263 34.3545459))",POINT (-109.8235804 34.3545247),231.2,2488.8
,157,385167858,,yes,,,"POLYGON ((-109.7812501 34.2717277, -109.781318 34.2718119, -109.7810994 34.2719323, -109.7810315 34.2718482, -109.7812501 34.2717277))",POINT (-109.7811748 34.27183),270.7,2913.8
,158,385167860,,yes,,,"POLYGON ((-109.7682894 34.276476, -109.7681798 34.2765311, -109.7680665 34.2763772, -109.768176 34.2763221, -109.7682894 34.276476))",POINT (-109.7681779 34.2764266),235.6,2536.2
,159,385287236,,yes,,,"POLYGON ((-109.8275468 34.2288614, -109.8274376 34.228853, -109.8274406 34.2288258, -109.827424 34.2288245, -109.827426 34.2288067, -109.8274426 34.228808, -109.8274558 34.2286905, -109.827565 34.2286989, -109.8275555 34.2287844, -109.827571 34.2287856, -109.8275654 34.2288351, -109.8275499 34.2288339, -109.8275468 34.2288614))",POINT (-109.8275026 34.228778),193.4,2081.8
,160,312655083,,yes,,,"POLYGON ((-109.8211869 34.3515301, -109.8211061 34.3516244, -109.8210281 34.3515853, -109.8211061 34.3514841, -109.8211869 34.3515301))",POINT (-109.821107 34.3515552),113.1,1217.9
,161,375706547,,yes,,,"POLYGON ((-109.7946431 34.3164891, -109.7946503 34.3165601, -109.7946026 34.3165634, -109.7946064 34.3166006, -109.7945324 34.3166058, -109.7945286 34.3165686, -109.7944601 34.3165733, -109.7944529 34.3165023, -109.7946431 34.3164891))",POINT (-109.7945543 34.3165402),167.3,1801.1
,162,385167865,,yes,,,"POLYGON ((-109.7799662 34.2692285, -109.7797577 34.2692185, -109.779764 34.2691303, -109.7799724 34.2691403, -109.7799662 34.2692285))",POINT (-109.7798651 34.2691794),188.8,2032.4
,163,312655077,,yes,,,"POLYGON ((-109.8231241 34.3569505, -109.8231455 34.3568594, -109.8230198 34.3568315, -109.8229923 34.3569252, -109.8231241 34.3569505))",POINT (-109.8230699 34.3568919),128.1,1378.9
,164,385176023,,yes,,,"POLYGON ((-109.7686491 34.254878, -109.768464 34.2548714, -109.7684672 34.2548118, -109.7686522 34.2548183, -109.7686491 34.254878))",POINT (-109.7685581 34.2548449),112.7,1213.1
,165,385287242,,yes,,,"POLYGON ((-109.8214497 34.236154, -109.8212828 34.2361597, -109.8212707 34.2359151, -109.8214375 34.2359094, -109.8214497 34.236154))",POINT (-109.8213602 34.2360346),416.7,4485.0
,166,376067631,,yes,,,"POLYGON ((-109.8204299 34.2911424, -109.820317 34.2911208, -109.8203573 34.2909765, -109.8204702 34.290998, -109.8204299 34.2911424))",POINT (-109.8203936 34.2910594),174.9,1882.9
,167,376067637,,yes,,,"POLYGON ((-109.828996 34.2970892, -109.8289641 34.2970874, -109.8289731 34.2969828, -109.8290049 34.2969847, -109.828996 34.2970892))",POINT (-109.8289845 34.297036),33.7,362.7
,168,385167867,,yes,,,"POLYGON ((-109.772486 34.282191, -109.7724498 34.2822567, -109.7723607 34.2822233, -109.7723969 34.2821575, -109.772486 34.282191))",POINT (-109.7724233 34.2822071),72.1,775.8
,169,376067622,,yes,,,"POLYGON ((-109.731594 34.2736961, -109.7316445 34.273757, -109.7315849 34.2737908, -109.731606 34.2738164, -109.731552 34.2738469, -109.7315371 34.2738289, -109.731495 34.2738527, -109.73151 34.2738708, -109.7314392 34.2739108, -109.7313908 34.2738524, -109.7314343 34.2738278, -109.7314036 34.2737908, -109.7315256 34.2737218, -109.731533 34.2737307, -109.731594 34.2736961))",POINT (-109.7315118 34.2737986),257.2,2768.4
,170,317016321,,yes,,,"POLYGON ((-109.7402198 34.3375748, -109.7402484 34.3376286, -109.7400563 34.3376982, -109.7400277 34.3376444, -109.7402198 34.3375748))",POINT (-109.740138 34.3376365),125.6,1351.5
,171,376067639,,yes,,,"POLYGON ((-109.8164894 34.2910053, -109.8163797 34.2910078, -109.8163777 34.2909475, -109.8163576 34.2909479, -109.8163552 34.290875, -109.8164849 34.2908721, -109.8164894 34.2910053))",POINT (-109.8164263 34.2909373),163.9,1764.3
,172,312655081,,yes,,,"POLYGON ((-109.8231446 34.3495449, -109.8231093 34.3495668, -109.8229908 34.3494372, -109.8230261 34.3494152, -109.8231446 34.3495449))",POINT (-109.8230677 34.349491),73.7,793.1
,173,385167850,,yes,,,"POLYGON ((-109.7728968 34.2821408, -109.772841 34.2822115, -109.7726365 34.2821011, -109.7726924 34.2820304, -109.7728968 34.2821408))",POINT (-109.7727667 34.2821209),211.1,2271.8
,174,312655074,,yes,,,"POLYGON ((-109.8166001 34.3473576, -109.8165526 34.347357, -109.8165538 34.3472947, -109.8166013 34.3472953, -109.8166001 34.3473576))",POINT (-109.816577 34.3473262),30.4,326.9
,175,371591179,,yes,,,"POLYGON ((-109.804137 34.3385104, -109.8041379 34.3385458, -109.8040619 34.3385472, -109.804061 34.3385118, -109.804137 34.3385104))",POINT (-109.8040994 34.3385288),27.3,294.1
,176,385176042,,yes,,,"POLYGON ((-109.7764654 34.2704439, -109.7764256 34.2703094, -109.776482 34.270298, -109.7764899 34.2703247, -109.7765264 34.2703172, -109.7765408 34.2703658, -109.7765043 34.2703732, -109.7765218 34.2704325, -109.7764654 34.2704439))",POINT (-109.7764816 34.2703661),101.2,1089.7
,177,317016325,,yes,,,"POLYGON ((-109.7373416 34.3403826, -109.737233 34.3403785, -109.7372449 34.3401627, -109.7373535 34.3401668, -109.7373416 34.3403826))",POINT (-109.7372933 34.3402726),240.0,2583.3
,178,385167851,,yes,,,"POLYGON ((-109.7830819 34.2692111, -109.7828532 34.2691309, -109.7828796 34.2690795, -109.7831083 34.2691598, -109.7830819 34.2692111))",POINT (-109.7829807 34.2691453),139.9,1505.8
,179,385167869,,yes,,,"POLYGON ((-109.7721228 34.2801353, -109.7720013 34.2801219, -109.7720136 34.2800459, -109.772135 34.2800592, -109.7721228 34.2801353))",POINT (-109.7720682 34.2800906),95.7,1030.4
,180,371835929,,yes,,,"POLYGON ((-109.7771198 34.3563782, -109.7771023 34.3564051, -109.7770641 34.3563882, -109.7770816 34.3563613, -109.7771198 34.3563782))",POINT (-109.7770919 34.3563832),13.3,143.0
,181,387351300,,yes,,,"POLYGON ((-109.7509776 34.2392778, -109.7508841 34.2393028, -109.7508883 34.2393135, -109.7508442 34.2393253, -109.75084 34.2393145, -109.7507911 34.2393276, -109.7507536 34.2392316, -109.7509402 34.2391818, -109.7509776 34.2392778))",POINT (-109.7508656 34.2392562),206.7,2224.8
,182,385167861,,yes,,,"POLYGON ((-109.7818254 34.2705315, -109.7815339 34.2705315, -109.7815339 34.2704545, -109.7818254 34.2704545, -109.7818254 34.2705315))",POINT (-109.7816797 34.270493),227.8,2452.0
,183,371591174,,yes,,,"POLYGON ((-109.7993229 34.3358249, -109.7992808 34.335833, -109.7992674 34.3357855, -109.7993095 34.3357774, -109.7993229 34.3358249))",POINT (-109.7992952 34.3358052),21.5,231.7
,184,371591176,,yes,,,"POLYGON ((-109.8020813 34.3354906, -109.8018886 34.3354582, -109.8019082 34.3353783, -109.802101 34.3354107, -109.8020813 34.3354906))",POINT (-109.8019948 34.3354344),164.9,1775.0
,185,317016329,,yes,,,"POLYGON ((-109.7445249 34.3526579, -109.7445218 34.352793, -109.7444368 34.3527916, -109.7444399 34.3526566, -109.7445249 34.3526579))",POINT (-109.7444809 34.3527248),117.1,1260.0
,186,376264580,,yes,,,"POLYGON ((-109.8715537 34.3057233, -109.8714658 34.305871, -109.8713184 34.3058111, -109.8714063 34.3056635, -109.8715537 34.3057233))",POINT (-109.8714361 34.3057672),274.9,2958.6
,187,375878597,,yes,,,"POLYGON ((-109.8098525 34.2826352, -109.8098978 34.2827121, -109.8098119 34.2827466, -109.809841 34.282796, -109.8097794 34.2828209, -109.809705 34.2826946, -109.8098525 34.2826352))",POINT (-109.8098002 34.2827204),181.7,1956.2
,188,317016306,,yes,,,"POLYGON ((-109.7426783 34.3210529, -109.7425854 34.3209666, -109.7426438 34.3209236, -109.7427368 34.32101, -109.7426783 34.3210529))",POINT (-109.7426611 34.3209883),91.7,987.1
,189,376067632,,yes,,,"POLYGON ((-109.8295972 34.2938494, -109.8296724 34.2939336, -109.829552 34.2940069, -109.8294768 34.2939226, -109.8295972 34.2938494))",POINT (-109.8295746 34.2939281),160.2,1724.7
,190,385176043,,yes,,,"POLYGON ((-109.7691915 34.2637168, -109.769138 34.2637015, -109.7691611 34.2636464, -109.7691372 34.2636396, -109.7691589 34.2635875, -109.7691829 34.2635944, -109.7692258 34.2634919, -109.7692792 34.2635072, -109.7691915 34.2637168))",POINT (-109.7692038 34.2636056),141.9,1527.1
,191,376067641,,yes,,,"POLYGON ((-109.8213752 34.300706, -109.821317 34.3007358, -109.8213441 34.3007719, -109.8212518 34.3008192, -109.8211541 34.3006891, -109.8213045 34.3006119, -109.8213752 34.300706))",POINT (-109.8212684 34.3007128),247.7,2665.9
,192,385176039,,yes,,,"POLYGON ((-109.7762054 34.2707589, -109.7760906 34.2707365, -109.7760935 34.2707263, -109.776032 34.2707143, -109.7760543 34.2706363, -109.7761191 34.270649, -109.776121 34.2706423, -109.7762326 34.270664, -109.7762054 34.2707589))",POINT (-109.7761348 34.2706945),169.1,1819.6
,193,385167879,,yes,,,"POLYGON ((-109.7692892 34.2770681, -109.7692507 34.2771582, -109.7690443 34.277098, -109.7690828 34.2770078, -109.7692892 34.2770681))",POINT (-109.7691667 34.277083),213.4,2297.6
,194,317016322,,yes,,,"POLYGON ((-109.7402175 34.3206643, -109.7401327 34.3206785, -109.7401247 34.3206458, -109.7402095 34.3206317, -109.7402175 34.3206643))",POINT (-109.7401711 34.3206551),29.1,313.6
,195,385167864,,yes,,,"POLYGON ((-109.7716898 34.2848366, -109.7717023 34.2849206, -109.7714715 34.284944, -109.7714591 34.28486, -109.7716898 34.2848366))",POINT (-109.7715807 34.2848903),200.6,2159.4
,196,317016289,,yes,,,"POLYGON ((-109.7380416 34.3185976, -109.7381818 34.3185954, -109.7381834 34.3186656, -109.7380432 34.3186677, -109.7380416 34.3185976))",POINT (-109.7381125 34.3186316),100.0,1076.4
,197,376067636,,yes,,,"POLYGON ((-109.8215051 34.3005149, -109.8214714 34.3005421, -109.821397 34.3004793, -109.8214306 34.3004521, -109.8215051 34.3005149))",POINT (-109.821451 34.3004971),41.8,449.8
,198,317016295,,yes,,,"POLYGON ((-109.7400386 34.3204427, -109.7399932 34.3204503, -109.7399702 34.3203562, -109.7400155 34.3203487, -109.7400386 34.3204427))",POINT (-109.7400044 34.3203995),45.2,486.5
,199,371835920,,yes,,,"POLYGON ((-109.7690011 34.3463677, -109.7687965 34.3463039, -109.7688419 34.3462045, -109.7690465 34.3462682, -109.7690011 34.3463677))",POINT (-109.7689215 34.3462861),237.6,2557.0
,200,371835916,,yes,,,"POLYGON ((-109.7718845 34.3470816, -109.7716934 34.3470816, -109.7716934 34.346978, -109.7718845 34.346978, -109.7718845 34.3470816))",POINT (-109.771789 34.3470298),202.4,2178.6
,201,317016309,,yes,,,"POLYGON ((-109.7603206 34.3559315, -109.7601444 34.3559249, -109.7601472 34.3558743, -109.7603234 34.3558809, -109.7603206 34.3559315))",POINT (-109.7602339 34.3559029),90.9,978.0
,202,385167849,,yes,,,"POLYGON ((-109.7670507 34.2750711, -109.7671016 34.2751504, -109.7669033 34.2752374, -109.7668524 34.2751581, -109.7670507 34.2750711))",POINT (-109.766977 34.2751542),205.2,2209.2
,203,375706546,,yes,,,"POLYGON ((-109.8023777 34.3141796, -109.8023186 34.3141872, -109.8023093 34.314138, -109.8023683 34.3141303, -109.8023777 34.3141796))",POINT (-109.8023435 34.3141588),30.4,327.5
,204,376067626,,yes,,,"POLYGON ((-109.8271866 34.294994, -109.8271961 34.2948933, -109.8272359 34.2948959, -109.8272264 34.2949966, -109.8271866 34.294994))",POINT (-109.8272112 34.294945),41.7,449.0
,205,317016333,,yes,,,"POLYGON ((-109.7438144 34.3336464, -109.7437383 34.3335074, -109.7437932 34.333487, -109.7438692 34.333626, -109.7438144 34.3336464))",POINT (-109.7438038 34.3335667),93.9,1011.2
,206,317016291,,yes,,,"POLYGON ((-109.7572472 34.3567008, -109.7571943 34.3566972, -109.7571993 34.3566455, -109.7572523 34.3566491, -109.7572472 34.3567008))",POINT (-109.7572233 34.3566731),27.8,299.5
,207,312655090,,yes,,,"POLYGON ((-109.8185979 34.3497412, -109.8186094 34.3496062, -109.8185012 34.3495948, -109.8185081 34.3495491, -109.818416 34.3495396, -109.8183975 34.3497317, -109.8185979 34.3497412))",POINT (-109.8184971 34.3496533),330.5,3557.8
,208,317016304,,yes,,,"POLYGON ((-109.7411672 34.3205181, -109.7410542 34.3204953, -109.7410958 34.3203549, -109.7412088 34.3203778, -109.7411672 34.3205181))",POINT (-109.7411315 34.3204365),171.7,1848.6
,209,371835944,,yes,,,"POLYGON ((-109.7697404 34.3532972, -109.7696396 34.3533018, -109.7696357 34.3532444, -109.7697365 34.3532398, -109.7697404 34.3532972))",POINT (-109.769688 34.3532708),59.4,639.1
,210,385167875,,yes,,,"POLYGON ((-109.7679777 34.2754658, -109.7679147 34.2754575, -109.7679511 34.2752702, -109.7680141 34.2752785, -109.7679777 34.2754658))",POINT (-109.7679644 34.275368),123.6,1330.5
,211,371835948,,yes,,,"POLYGON ((-109.7665136 34.3555802, -109.7665135 34.3556329, -109.7663996 34.3556328, -109.7663997 34.35558, -109.7665136 34.3555802))",POINT (-109.7664566 34.3556065),61.1,658.1
,212,376146005,,yes,,,"POLYGON ((-109.8150315 34.2369521, -109.815091 34.2370154, -109.8150049 34.2370708, -109.8149454 34.2370075, -109.8150315 34.2369521))",POINT (-109.8150182 34.2370114),88.9,956.4
,213,317016320,,yes,,,"POLYGON ((-109.7402213 34.320482, -109.7401851 34.3204775, -109.7401921 34.3204393, -109.7402283 34.3204438, -109.7402213 34.320482))",POINT (-109.7402067 34.3204606),14.7,158.6
,214,376067633,,yes,,,"POLYGON ((-109.81823 34.2914931, -109.818174 34.2914838, -109.8181845 34.2914404, -109.8182405 34.2914496, -109.81823 34.2914931))",POINT (-109.8182073 34.2914667),25.7,276.3
,215,385176033,,yes,,,"POLYGON ((-109.7690189 34.2574145, -109.7689011 34.2574086, -109.7689123 34.2572539, -109.7690302 34.2572597, -109.7690189 34.2574145))",POINT (-109.7689656 34.2573342),187.6,2019.1
,216,371835941,,yes,,,"POLYGON ((-109.7702389 34.349327, -109.7701733 34.3493234, -109.7701788 34.3492557, -109.7702444 34.3492593, -109.7702389 34.349327))",POINT (-109.7702088 34.3492914),45.2,486.5
,217,371835942,,yes,,,"POLYGON ((-109.7703945 34.3470656, -109.7702266 34.347131, -109.7701857 34.3470592, -109.7703536 34.3469939, -109.7703945 34.3470656))",POINT (-109.7702901 34.3470624),150.0,1614.7
,218,385167847,,yes,,,"POLYGON ((-109.7812656 34.2693205, -109.7812503 34.2692012, -109.7812059 34.2692051, -109.781201 34.2691672, -109.7811513 34.2691716, -109.7811461 34.2691312, -109.7811965 34.2691267, -109.7811926 34.2690967, -109.7812838 34.2690887, -109.7812877 34.2691187, -109.7813412 34.2691141, -109.7813537 34.2692114, -109.7814269 34.269205, -109.781438 34.2692915, -109.7813608 34.2692983, -109.7813626 34.269312, -109.7812656 34.2693205))",POINT (-109.7812996 34.2692054),356.3,3835.2
,219,422809687,,yes,,,"POLYGON ((-109.7631081 34.3404302, -109.7630269 34.3404088, -109.7630538 34.3403391, -109.7630723 34.340344, -109.7630923 34.3402921, -109.7631681 34.3403121, -109.763142 34.3403797, -109.763129 34.3403762, -109.7631081 34.3404302))",POINT (-109.7630979 34.3403616),110.5,1189.6
,220,376067634,,yes,,,"POLYGON ((-109.7242339 34.3382644, -109.724199 34.3382495, -109.7242144 34.3382249, -109.7242493 34.3382397, -109.7242339 34.3382644))",POINT (-109.7242242 34.3382446),11.1,119.6
,221,375878594,,yes,,,"POLYGON ((-109.8096171 34.2832743, -109.8095081 34.283243, -109.8096171 34.2829837, -109.8097261 34.283015, -109.8096171 34.2832743))",POINT (-109.8096171 34.283129),322.0,3466.0
,222,317016334,,yes,,,"POLYGON ((-109.7552372 34.3223359, -109.7553361 34.3224424, -109.7552219 34.3225147, -109.755123 34.3224082, -109.7552372 34.3223359))",POINT (-109.7552295 34.3224253),197.7,2127.8
,223,387351295,,yes,,,"POLYGON ((-109.745854 34.2354082, -109.745994 34.2355303, -109.7459645 34.2355534, -109.7460205 34.2356022, -109.7459197 34.2356813, -109.7459079 34.235671, -109.7458664 34.2357035, -109.7458187 34.2356619, -109.7458254 34.2356567, -109.7456889 34.2355377, -109.745854 34.2354082))",POINT (-109.7458614 34.2355575),517.9,5574.8
,224,375878593,,yes,,,"POLYGON ((-109.8105541 34.2827852, -109.810418 34.2827448, -109.8105315 34.2824838, -109.8106676 34.2825243, -109.8105541 34.2827852))",POINT (-109.8105428 34.2826345),411.0,4423.7
,225,317016315,,yes,,,"POLYGON ((-109.746573 34.3542119, -109.7465395 34.3543247, -109.7463771 34.3542918, -109.7464106 34.354179, -109.746573 34.3542119))",POINT (-109.7464751 34.3542519),197.7,2128.2
,226,371835955,,yes,,,"POLYGON ((-109.7725726 34.3493247, -109.7724757 34.3493281, -109.7724648 34.3491163, -109.7725617 34.3491129, -109.7725726 34.3493247))",POINT (-109.7725187 34.3492205),210.7,2268.4
,227,371835925,,yes,,,"POLYGON ((-109.7691199 34.3562152, -109.7691197 34.3563062, -109.769029 34.3563061, -109.7690292 34.3562151, -109.7691199 34.3562152))",POINT (-109.7690744 34.3562606),83.9,903.3
,228,385176020,,yes,,,"POLYGON ((-109.7697578 34.2638249, -109.7696684 34.2638249, -109.7696684 34.263668, -109.7697578 34.263668, -109.7697578 34.2638249))",POINT (-109.7697131 34.2637464),142.7,1535.8
,229,385176032,,yes,,,"POLYGON ((-109.7741892 34.2815119, -109.7740942 34.2814979, -109.774137 34.2812985, -109.7742321 34.2813125, -109.7741892 34.2815119))",POINT (-109.7741631 34.2814052),199.7,2149.5
,230,380220948,,yes,,,"POLYGON ((-109.7855642 34.2888389, -109.7853664 34.2888075, -109.7853899 34.2887064, -109.7855877 34.2887378, -109.7855642 34.2888389))",POINT (-109.7854771 34.2887726),211.5,2277.0
,231,385176021,,yes,,,"POLYGON ((-109.7744526 34.2831862, -109.7743059 34.2831862, -109.7743059 34.2830755, -109.7744526 34.2830755, -109.7744526 34.2831862))",POINT (-109.7743793 34.2831308),165.4,1780.1
,232,375878592,,yes,,,"POLYGON ((-109.8099261 34.2835693, -109.8097402 34.2835152, -109.8097736 34.2834369, -109.8099595 34.2834911, -109.8099261 34.2835693))",POINT (-109.8098498 34.2835031),167.4,1801.6
,233,385167863,,yes,,,"POLYGON ((-109.773585 34.2863537, -109.7735103 34.2863347, -109.7735561 34.2862117, -109.7736308 34.2862307, -109.773585 34.2863537))",POINT (-109.7735706 34.2862827),102.8,1106.2
,234,385167892,,yes,,,"POLYGON ((-109.7668298 34.2822798, -109.7666627 34.2823143, -109.766594 34.2820873, -109.7667611 34.2820528, -109.7668298 34.2822798))",POINT (-109.7667119 34.2821835),411.6,4430.0
,235,385287237,,yes,,,"POLYGON ((-109.8198368 34.2350182, -109.8197402 34.2350217, -109.8197362 34.2349446, -109.8198327 34.2349412, -109.8198368 34.2350182))",POINT (-109.8197865 34.2349814),75.8,815.6
,236,385167852,,yes,,,"POLYGON ((-109.7588119 34.2778452, -109.7587424 34.2778696, -109.7586797 34.2777475, -109.7587491 34.2777231, -109.7588119 34.2778452))",POINT (-109.7587458 34.2777964),101.9,1096.7
,237,312655088,,yes,,,"POLYGON ((-109.8229411 34.3495465, -109.8228721 34.3495362, -109.8228897 34.3494562, -109.8229587 34.3494665, -109.8229411 34.3495465))",POINT (-109.8229154 34.3495013),58.5,629.5
,238,371835956,,yes,,,"POLYGON ((-109.7726391 34.3471485, -109.7725619 34.3471475, -109.7725638 34.3470487, -109.7726411 34.3470497, -109.7726391 34.3471485))",POINT (-109.7726015 34.3470986),78.1,840.9
,239,371835921,,yes,,,"POLYGON ((-109.7735925 34.3563473, -109.7735912 34.3563912, -109.773422 34.3563879, -109.7734233 34.3563439, -109.7735925 34.3563473))",POINT (-109.7735072 34.3563676),75.7,814.8
,240,385176044,,yes,,,"POLYGON ((-109.7743426 34.2800972, -109.774292 34.2800781, -109.7743159 34.2800347, -109.7742804 34.2800214, -109.7743195 34.2799503, -109.774355 34.2799636, -109.7743709 34.2799346, -109.7744216 34.2799536, -109.7743426 34.2800972))",POINT (-109.7743467 34.2800099),120.0,1292.0
,241,375878589,,yes,,,"POLYGON ((-109.8095064 34.2828696, -109.8094289 34.2828474, -109.8095404 34.2825821, -109.8096179 34.2826043, -109.8095064 34.2828696))",POINT (-109.8095234 34.2827258),235.7,2536.8
,242,376067627,,yes,,,"POLYGON ((-109.8215859 34.3005803, -109.8215217 34.3006333, -109.8214584 34.300581, -109.8215225 34.300528, -109.8215859 34.3005803))",POINT (-109.8215221 34.3005806),67.9,730.4
,243,375369383,,commercial,,,"POLYGON ((-109.8282595 34.2881833, -109.8280801 34.2882228, -109.8280217 34.2880421, -109.8282011 34.2880026, -109.8282595 34.2881833))",POINT (-109.8281406 34.2881127),354.5,3816.2
,244,385176038,,yes,,,"POLYGON ((-109.7730723 34.2808177, -109.7730114 34.2808172, -109.7730119 34.2807618, -109.7729796 34.2807615, -109.7729801 34.2807098, -109.7730735 34.2807105, -109.7730723 34.2808177))",POINT (-109.773033 34.2807581),83.3,897.1
,245,376067625,,yes,,,"POLYGON ((-109.8181045 34.291258, -109.8179785 34.2912793, -109.8179583 34.2911979, -109.8180844 34.2911766, -109.8181045 34.291258))",POINT (-109.8180314 34.2912279),109.2,1175.5
,246,385176024,,yes,,,"POLYGON ((-109.775349 34.2763351, -109.775261 34.2763369, -109.7752562 34.2761828, -109.7753442 34.276181, -109.775349 34.2763351))",POINT (-109.7753026 34.2762589),138.6,1492.0
,247,371835952,,yes,,,"POLYGON ((-109.7724525 34.348385, -109.7722533 34.3483828, -109.7722546 34.3482993, -109.7724539 34.3483016, -109.7724525 34.348385))",POINT (-109.7723536 34.3483422),169.3,1822.3
